id,name,secondaryName,propertyNumber,streetAddress,municipalityCode,extraInfo,latitude,longitude
11045,Glädjens ÅVS,,,Frejavägen,0114,,59.513491498998114,17.930354788447218
17438,Vallentuna Ishall/IP,Åbyholm,VALLENTUNA-ÅBY 1:174,"Parkvägen 2, 186 48",0115,,59.534934,18.0951
199009288,"ÅVS Margretelunds Centrum, Favvan",,TRÅSÄTTRA 1:852,Muskötvägen 28,0117,,59.4718839498573,18.3318110385189
199009289,ÅVS Färjelägret Ljusterö,,MÖRTSUNDA 1:2,Ljusterövägen 1,0117,,59.5417470707416,18.5921053226447
199009290,ÅVS Rallaren/Jysk m.m.,,RUNÖ 7:114,Rallarvägen 8,0117,,59.4823046100185,18.2814274363006
199009291,ÅVS Festplats Granliden,,BOLBY 1:290,Linanäsvägen 49,0117,,59.4840342286457,18.5384992477955
199009292,ÅVS Skärgårdsstan P-plats IP,,ÖVERSÄTTRA 1:5,Översättravägen 21,0117,,59.4916768049012,18.3825248425185
199009293,ÅVS Svinninge; etableringsytan nära handeln,,SVINNINGE 7:194,Svinningevägen 78 B,0117,,59.4483978142584,18.2648035872026
199009294,ÅVS Rydbo Station,,RYDBOHOLM 11:1,Brovallsvägen/Björkvägen,0117,,59.465589447926,18.1841212304797
199009295,ÅVS Flaggfabriken,,BERGA 6:296,Stationsvägen 24,0117,,59.4757919460685,18.3081372886998
199009296,ÅVS Brännbackens (ÅVC),,SKEPPSBOL 1:72,Brännbacksvägen,0117,,59.5065740641435,18.3747963088811
199009297,ÅVS Manfred Bondes Väg P-plats,,TRÅSÄTTRA 1:14,Manfred Bondes Väg,0117,,59.4694787218009,18.3519002054301
199009298,ÅVS Lastbilsparkeringen,,HACKSTA 2:134,Storängsvägen 24,0117,,59.4860848959132,18.2957852701203
199009299,ÅVS Korsgärdesvägen/över vägen från Willys,,RUNÖ 7:263,Korsgärdesvägen 8,0117,,59.4897821536547,18.2778987230537
199009302,LIP Bergavägen 24,,BERGA 6:222,Bergavägen 24,0117,,59.4840447503919,18.3041885915859
199009308,LIP Högbackavägen,,SÖRA 1:10,Högbackavägen,0117,,59.4772882177751,18.3186647915119
199009309,LIP Malvavägen parkering,,HACKSTA 1:71,Malvavägen,0117,,59.4878823682039,18.305439434059
199009310,LIP Murkelvägen vändplan,,SKÅNSTA 4:1,Murkelvägen,0117,,59.4918692324948,18.3349584192922
199009311,LIP Murkelvägen mitten,,SKÅNSTA 3:1,Murkelvägen,0117,,59.4981260886313,18.34213343746
199009315,LIP Solskiftesvägen (i början),,SJÖKARBY 1:1,Solskiftesvägen,0117,,59.5036478095662,18.307676049349
199009317,LIP Spånlötsvägen 4,,SJÖKARBY 2:1,Spånlötsvägen 4,0117,,59.4979329870065,18.3101398044003
199009318,LIP Storängsvägen 19 P-plats vid trappan,,HACKSTA 1:49,Storängsvägen 19,0117,,59.4849667283261,18.2959954186116
199009322,LIP Västra Banvägen (mittemot 22),,TUNA 3:79,Västra Banvägen,0117,,59.4767949641446,18.3041554776962
199009323,LIP Solskiftesvägen 8,,SMEDBY 19:553,Solskiftesvägen 8,0117,,59.5016045921403,18.3033008303159
199009325,LIP Sjökarbyvägen 22,,SJÖKARBY 1:76,Sjökarbyvägen 22,0117,,59.5003030369534,18.3170747786259
199009338,ÅVS Åkersberga IP (Kungsängen),,TUNA 3:1,Andromedavägen/Österskärsvägen,0117,,59.4738727664209,18.2937151998917
199009341,LIP Sörgårdsvägen (109),,BERGA 11:1,Sörgårdsvägen 109,0117,,59.4813780512113,18.3117095636365
199009342,LIP Bivägen vändplan,,BERGA 11:1,Bivägen,0117,,59.4839088097461,18.3186609761652
199009532,LIP Åsättra Brygga,,LJUSTERÖ-ÅSÄTTRA 3:1,Åsättra bryggväg 99,0117,,59.505011954893,18.6378657732279
1,Allmänningsvägen,,SOLLENTUNA HÄRADSALLMÄNNING 1:13,Allmänningsvägen,0123,,59.4799322895,17.8109228175
10,Basunvägen,,VIKSJÖ 8:130,Basunvägen 12,0123,,59.4048233565,17.7800025395
11,Gökvägen,,BJÖRKEBY 4:50,Gökvägen 3 - 5,0123,,59.401112,17.855933
15088,Hagelvägen,,POLHEM 1:80,Hagelvägen 2,0123,,59.4455570481,17.8261012344
15285,Skogstorpsvägen,,KALLHÄLL 6:26,Skogstorpsvägen 18,0123,,59.4594590117,17.8164597739
15545,Hemmansvägen,,VIKSJÖ 2:594,Hemmansvägen 2,0123,,59.4164924453,17.8074114656
15566,Återvinningsvägen,,GÖRVÄLN 3:301,Återvinningsvägen 11,0123,"För öppettider se SÖRABs hemsida, https://www.sorab.se/start/hushall/vara-anlaggningar/",59.429002,17.802275
16194,Majorsvägen,,BARKARBY 2:25,Majorsvägen 6C,0123,,59.4150193319,17.8641292246
16289,Nettovägen,,VEDDESTA 2:83,Nettovägen 2,0123,,59.4077535347,17.841732523
16465,Molnbackavägen,,JAKOBSBERG 18:1,Molnbackavägen 2,0123,,59.4448991794,17.8402065999
16792,Attackvägen,,BARSBRO 1:208,Attackvägen 2,0123,,59.4028912696,17.869501251
16837,Kallhällsleden,,KALLHÄLL 1:1 och 6:1,Kallhälsleden 1,0123,,59.4514375791,17.8097073778
17170,Smedvägen,,KALLHÄLL 1:1 och 7:13,Smedvägen 2,0123,,59.4579961793,17.8052125646
17269,Plogvägen,,VIKSJÖ 2:4,Plogvägen,0123,,59.413271265,17.7992503735
5,Ponnyvägen,,JAKOBSBERG 11:5,Ponnyvägen 2,0123,,59.431075,17.830327
6,Aspnäsvägen östra,,JAKOBSBERG S:15,Aspnäsvägen 36,0123,,59.4277877304,17.8458519217
7,Aspnäsvägen västra,,JAKOBSBERG S:15,Aspnäsvägen 18-20,0123,,59.4262757714,17.8437357452
8,Ferievägen,,JAKOBSBERG 2:2381,Ferievägen 4,0123,,59.4277161115,17.8107045041
8251,Skarprättarvägen,,KALLHÄLL 9:18,Skarprättarvägen 36,0123,,59.4698036343,17.8113536279
8262,Källtorpsvägen,,ULVSÄTTRA 2:4 och 2:5,Källtorpsvägen 64,0123,,59.4597304549,17.8216051486
8266,Brasvägen,,SKÄLBY 3:554,Brasvägen 1,0123,,59.3973767021,17.8526433692
8268,Tömvägen/Däckelvägen,,JAKOBSBERG 11:5,Däckelvägen 31,0123,,59.4335452692,17.8442637015
8272,Lantmäterivägen,,VIKSJÖ 3:8,Lantmäterivägen,0123,,59.4141417281,17.791037993
8273,Drabantvägen,,JAKOBSBERG 11:15,Drabantvägen 2,0123,,59.4251515543,17.8379287292
8276,Stuterivägen,,JAKOBSBERG 2:1105 och 11:5,Stuterivägen 1,0123,,59.429780899,17.8410919323
8277,Veckovägen,,JAKOBSBERG 11:2,Veckovägen 32,0123,,59.4232873115,17.8237901838
9,Stallbacken,,VIKSJÖ 5:1,Stallbacken,0123,,59.412491,17.813783
15143,Skå Återvinningscentral,,SKÅ-VÄSBY 4:2,Färentunavägen,0125,,59.3380599979294,17.7286100079652
15992,Hovgården,,HOVGÅRDEN 3:4,Hovgårdsvägen,0125,,59.3602800020749,17.5291699917081
15996,Skärvik,,TRÄKVISTA 22:1,Jungfrusundsvägen,0125,,59.2724999986509,17.8141699980485
16288,Gällstaö,,EKEBYHOV 1:1,Herredagsvägen/Gällstaö,0125,,59.2805600003764,17.8477799940465
16734,Sandudden; nedfarten vid skolan,,TRÄKVISTA 3:99,Sanduddsvägen/Krossvägen,0125,,59.2722199982826,17.7802800045098
17507,Pendlarparkeringen vid ICA Skå,,SKÅ-BERGA 1:12,Allhallsvägen,0125,,59.3241699991479,17.7449999969432
7460,Ekerö Centrum,,TAPPSUND 1:1,Bryggarvägen/Tegelbruksvägen,0125,,59.2886099985821,17.8130599945872
7461,"Träkvistavallen, parkering",,EKERÖ-VÄSBY 43:1,Ekerövägen 65,0125,,59.2803134210581,17.8131054711572
7463,"Vifärna, Hilleshög",,VIFÄRNA 3:87,Korslötsvägen,0125,,59.3813899974938,17.6888899958906
7464,COOP Konsum Färentuna,,KUNGSBERGA 12:112,Kungsbergavägen,0125,,59.404999996586,17.6316699985054
7465,"Skolallén, Lovön",,RINKEBY 1:2,Skolallén,0125,,59.3205600017355,17.862779999487
7466,"Söderby IP, Munsö",,MUNSÖ-BONA 1:4,Ekerövägen,0125,,59.3872199968364,17.57778000551
7467,ICA Nyckelby,,ÄLBY 1:21,"Nyckelby, Kaggeholmsvägen 2",0125,,59.2874999988734,17.7147199929571
7470,COOP Stenhamra Centrum,,STOCKBY 1:298,"Fårhagsplan, Uppgårdsvägen",0125,,59.3352800034709,17.6850000015248
7472,Tappström infartsparkering,,TAPPSTRÖM 2:1,Tappströmsvägen 1,0125,,59.2910938219055,17.8069941672297
100147,ÅVS 14586 Mitt emot Ågestaverkets parkering,,ÅGESTA 2:4,Vidjavägen,0126,,59.2066169826049,18.0796226440053
103916,ÅVS 14803  Kod 4283 Willy´s,,LEDNYCKELN 2,Nyckelvägen,0126,,59.2019129894656,18.1305516679852
2048230,ÅVS 16272 Elhus,,BALINGSNÄS 1:16,Trollskogsvägen 1,0126,,59.2198434797461,18.008717002739
2050667,ÅVS 16240 Elbevägen/Glömstavägen,,RÖRPOSTEN 2,Elbevägen,0126,,59.2310156995369,17.9486110735206
2063233,ÅVS 16373 Glömstavägen/Gustav Adolfsvägen,,STENYXAN 4,Gustav Adolfsvägen 56,0126,,59.2376983233466,17.9120611584809
2133761,ÅVS 17465 Högmoravägen/Ågestavägen,,MYRÄNGEN 1:12,Högmoravägen/Ågestavägen,0126,,59.2368150750071,18.0355375157597
2142552,ÅVS 17368 Mogårdsvägen Vårby,,VÅRBY GÅRD 1:1,Mogårdsvägen 8,0126,,59.264901982484,17.8909529661111
6377,ÅVS 8131 ÅVC Skogås,,TRANSISTORN 4,Storvretsvägen 18,0126,,59.2258318216834,18.1348131935056
6520,ÅVS 8122 Elhus Skeppsmyreparken,,STUVSTA GÅRD 1:1,Renvägen / Norra Parkvägen,0126,,59.2488856312891,17.9939794346196
89915,ÅVS 8127 Vid Rondell,,MYRÄNGEN 1:24,Myrängsvägen 65,0126,,59.2437986564028,18.0231429192098
91962,ÅVS 8073 Sörskogen,,SÖRSKOGEN 1:1,Tryffelvägen,0126,,59.2259733387843,17.9915320789027
92907,ÅVS 16241 Glimmervägen/Lännavägen,,BALINGSNÄS 1:5,Glimmervägen 2,0126,,59.2273997634444,18.0002130648199
94255,ÅVS 8116 Coop Extra,,KYNÄS 2:10,Ågestavägen 1,0126,,59.2512190400875,18.0120100722578
94573,ÅVS 8134 Parkering vid Etydgränd,,NYTORP 4:30,Mörtviksvägen,0126,,59.2251239337394,18.1555246114392
96129,ÅVS 14468 Gårdsvägen/Hagvägen,,KRONTORPAREN 9,Hagvägen,0126,,59.2714569973903,17.9293219993448
96681,ÅVS 8098,,KRÅKVIK 2:5,Ejdervägen/Häradsvägen 111,0126,,59.2682887434995,17.9569597805741
96682,ÅVS 8096 Pumphus,,UTSÄLJE 1:101,Utsäljeleden/Häradsvägen,0126,,59.2647230272878,17.966356677085
96683,ÅVS 8101 Mickelbergsvägen Mitt Emot Nr 386,,JAKOBSLUND 2:40,Mickelbergsvägen,0126,,59.275767657918,17.9513055169457
96685,ÅVS 8078 Vid Elhus,,KÄLLBRINK 1:1,Mossvägen/Bergholmsvägen,0126,,59.2390040643533,17.9711190663825
96687,8087 Nyängsvägen/mariedalsvägen,,TOMTBERGA 3:25,Nyängsvägen/mariedalsvägen,0126,,59.2317449851196,17.9781150138802
96688,ÅVS 8090,,KÄLLBRINK 1:1,ÅVS 8090 Vänhemsvägen/Åvägen,0126,,59.247430996517,17.9719931759628
96691,ÅVS 8091 Busshållplats,,GLADÖ 1:3,Gladövägen /Hökärrsvägen,0126,,59.195541871212,18.006508128317
96692,ÅVS 8111 Vändplan vid P Hus,,KUPLETTEN 2,Melodivägen,0126,,59.2174144011122,18.1558465649787
96693,ÅVS 8107 Vid Elhus,,ÖSTRA SKOGÅS 1:1,Sopranvägen/Tenorvägen,0126,,59.2173687201113,18.1651151700247
96702,ÅVS 8133 Stortorpshallens Parkering,,BASUNEN 13,Printz väg 7-15,0126,,59.2349489025677,18.1323884281795
97253,ÅVS 8135 Parkering Norströms Väg/Tornslingan,,HAMMARTORP 1:1,Norströms väg,0126,,59.2306781526348,18.129488982154
97254,ÅVS 8100 Lönnvägen/Snättringevägen,,UTSÄLJE 1:101,Lönnvägen/Snättringevägen,0126,,59.2574616914459,17.9722880993507
97255,ÅVS 8136 Spelvägen/Hammartorpsvägen,,PRINSESSAN 2,Spelvägen 1,0126,,59.2307819622603,18.1352501866901
97256,ÅVS 8112 Vändplan vid Loftv 7-8,,VÄSTRA SKOGÅS 1:2,Loftvägen,0126,,59.2214646877124,18.1414948072834
97257,ÅVS 8105  P Plats,,KÖKET 2,Studievägen 1,0126,,59.2210140771344,18.1489740371505
97258,ÅVS 8104  P Plats,,BROMSEN 3,Säterbacken,0126,,59.2163343367449,18.1466495579544
97269,ÅVS 8081 Vid Grillpalatset,,TOMTBERGA 3:25,Kommunalvägen 15,0126,,59.2380065833902,17.9825021812415
97270,ÅVS 8088 Vid vändplan,,RÅDSBACKEN 12,Rådsvägen 13,0126,,59.2419772029901,17.98842697639
97279,ÅVS 8062 Vid parkeringshus,,LADAN 5,Sågstuvägen,0126,,59.2180247507341,17.9599518654592
97281,ÅVS 8070 Visättra Centrum,,VISÄTRA 1:1,Kvarnängsvägen,0126,,59.2183421521222,17.9566665960119
97282,ÅVS 8068  Visättra Ängar,,VISÄTTRA 1:6,Björnkullaringen 5,0126,,59.2125254441835,17.9461039761553
2085045,ÅVS 16528 korsning Hirdvägen,,HALLUNDA 4:34,Norrskogsvägen / Hirdvägen,0127,,59.2537155116264,17.8122266775484
2119288,ÅVS 17213 Riksten mittemot nr 20,,TULLINGE 21:223,Eklundshovsvägen,0127,,59.1892229221813,17.9123107549588
2126959,17334 Vändplan vid båthamnen,,HALLUNDA 4:34,Tegelängsvägen,0127,,59.2579962585742,17.8537281513362
2128432,ÅVS 17069 plan vid järnvägen,,TUMBA 7:157,Vattravägen/ Segersjövägen,0127,,59.1971910109948,17.8004297470771
2134661,ÅVS 17388 Sandstugan,,LINDHOV 15:24,Tant gröns väg,0127,,59.2033802848905,17.7996754032971
2144100,17214   Mittemot Parkering,,TULLINGE 21:223,Gösta Frohms väg,0127,,59.1828986612248,17.9158345166534
3004101,ÅVS 7255  St Albans väg,,ERIKSBERG 2:1,Sankt albans väg,0127,,59.2429878337873,17.8135976805854
3004103,ÅVS 17653  Bussvändpl Korpvägen TILLFÄLLIGT STÄNGD T.O.M. v.44,,Tumba 8:536,Skäcklingevägen,0127,,59.1816596670975,17.8247025583456
6289,ÅVS 13328  Hörna Adler Salvius V,,TULLINGE 16:119,Anna Maria Roosväg,0127,,59.2149370376147,17.8935590919468
6329,ÅVS 7252  Vändplan,,BRUNNA GÅRD 1,Tomtbergavägen 66,0127,,59.2490510825839,17.8325601275427
6779,ÅVS 7292,,Rotemannen S:1,Albyvägen 15,0127,,59.2391073057404,17.8513245331713
89752,ÅVS 13308  Vändplan,,HALLUNDA 4:34,Vetevägen 13,0127,,59.2465818874017,17.8250403798835
95478,ÅVS 16031 ÅVC Skyttbrink,,SKYTTBRINK 21,Himmelsbodavägen 19,0127,,59.1963200179769,17.8691775514873
95935,ÅVS 16032 ÅVC Fittja,,FITTJA 17:1,Hallundavägen 4,0127,,59.2508099285789,17.855267389347
96424,ÅVS 15839  Grusplan/parkering,,TUMBA 8:535,Kolonistigen/ Harbrovägen,0127,,59.1948088007942,17.8545657505231
96753,ÅVS 7280  Hallunda,,KORNET 2,Kornvägen,0127,,59.2471172437188,17.829347337207
96759,ÅVS 7317  Tullinge,,TULLINGE 21:44,Smedvägen/Pålamalmsvägen,0127,,59.2020342784669,17.9248247127879
96762,ÅVS 7263 P-Plats Vändplan Alby,,NÄMNDEMANNEN 1,Nämndemannavägen,0127,,59.2427699715028,17.8568047296466
96763,ÅVS 7268  Vändplan,,ALBY 15:32,Kvarnhagsvägen/ enskiftesvägen,0127,,59.2322598339671,17.8648327180858
96765,ÅVS 7310  Vändplan,,TULLINGE 19:282,Solskensvägen 19,0127,,59.2102610243718,17.9094072585416
96766,ÅVS 7311  Älggräsvägen,,TULLINGE 19:282,Snödroppsvägen,0127,,59.2242061165371,17.9150654085423
96768,ÅVS 7348  Tumbavägen,,TUMBA 7:206,Sedelvägen,0127,,59.2022023820227,17.8262772003664
96769,ÅVS 7324  Vändplan Vid Tumba Sjukhem,,TUMBA 7:206,Samaritvägen,0127,,59.2038281129091,17.8362050250184
96773,ÅVS 7359  Dalvägen Vårsta,,VÅRSTA 1:168,Malmtorpsvägen,0127,,59.1701276388726,17.7983027555822
96796,ÅVS 7291  Vid Närbutik,,ALBY 15:32,Alhagsvägen 95,0127,,59.2344990953997,17.8520794571355
96798,ÅVS 7327  P-Plats Tumbav,,TUMBA 7:206,Nackdalavägen,0127,,59.2095993051296,17.8245409038014
96799,ÅVS 7308  P-Plats Vid Nyängsv,,TULLINGE 19:276,"Tullinge centrum, östra",0127,,59.2064811660964,17.9052482915465
96803,ÅVS 7358  Vid Veterinär,,VÅRSTA 1:118,Vårsta centrum Ringvägen,0127,,59.1643989337091,17.7956121288247
96804,ÅVS 7331,,TUMBA 8:284,Ekvägen 28,0127,,59.1894512977538,17.8217560541065
96808,ÅVS 7316  Trädgårdstorpsvägen,,TULLINGE 16:10,Källvägen,0127,,59.2157752568992,17.8845515839224
96810,ÅVS 7314 Vändplan Tullinge,,TULLINGE 21:484,Morgonvägen,0127,,59.2070075869186,17.9166471182159
97196,ÅVS 7290 Vändplan,,FREJA 2,Balders väg,0127,,59.2475654411878,17.8103340071062
97197,ÅVS 7273  Vändplan,,IDUN 2,Iduns väg,0127,,59.2475579209963,17.8169115783255
97200,ÅVS 7249  Hallunda,,HALLUNDA 4:34,Trädesvägen 14,0127,,59.2459381621104,17.8224085503716
97203,ÅVS 7267  Vändplan Hallunda,,KLÖVERN 1,Linvägen,0127,,59.2475482110042,17.8310144731799
97204,ÅVS 7281  Vändplan,,HALLUNDA 4:34,Hampvägen,0127,,59.2460337138514,17.8304152175081
97208,ÅVS 7309  Nibblev/Sunnanv,,TULLINGE 19:276,"Tullinge centrum, västra",0127,,59.2055220789931,17.9007164575145
97209,ÅVS 7318,,TULLINGE 19:287,Tullingebergsvägen 2,0127,,59.2101075003452,17.9010005403968
97210,ÅVS 7319 Rundan,,TULLINGE 19:287,Tullingebergsvägen/ solskensvägen,0127,,59.2121957137169,17.9076793569736
97211,ÅVS 7313  Banslätt Vändplan Tullinge,,TULLINGE 21:484,Nattvägen,0127,,59.2045887909991,17.9042815002607
97299,ÅVS 7282,,ERIKSBERG 2:1,Hallundavägen 63-111,0127,,59.2448363122553,17.7989711231849
2144221,ÅVS 17579 Parkering,,SALEM 5:3,Söderby Gårds Väg 71,0128,,59.2015530750869,17.7818325268256
6286,ÅVS 9691 ÅVC Salem,,MACKEN 4,Tvärvägen,0128,,59.1993855818971,17.7481466005516
8258,ÅVS 15344 Panncentralen,,PANNCENTRALEN 3,Bergsvägen 49A,0128,,59.2008668124888,17.7617716210559
95493,ÅVS 9693 Parkering vid Simhallen,,SALEM 5:20,Säbyhallsvägen 10,0128,,59.2027543384879,17.7668117672375
96401,ÅVS 9687 Parkeringsplats,,NYBYGGAREN 10,Timmermansstigen 109,0128,,59.2034547581974,17.776100915097
96775,ÅVS 9684 Salemvallen,,KASTANJEN 1,Rönningevägen/Solbovägen,0128,,59.2004572288956,17.7326950379428
96777,ÅVS 9688 Mittemot Orrstigen,,SALEM 5:27,Söderbyvägen/Orrstigen,0128,,59.1939551149685,17.7694624960008
96779,ÅVS 9690 Vändplan,,STORSKOGEN 5,Storskogsvägen 13A,0128,,59.1979515306108,17.7691380981222
96780,ÅVS 9685  Parkeringsplats,,UTTRINGE 1:831,Sannadalsvägen/Sandbäcksvägen,0128,,59.1858741191463,17.7442069935023
96781,ÅVS 9686 Dånviksvägen/Fruängsvägen,,RÖNNINGE 1:301,Dånviksvägen/Fruängsvägen,0128,,59.1944643823152,17.7224083054435
96787,ÅVS 16781 Víd busstation,,RÖNNINGE 1:403,Stationsvägen,0128,,59.1940738189704,17.7511874854728
100237,ÅVS 14587 Vändplan,,SÖDERBY 2:27,Kilowattvägen,0136,,59.1660251900443,18.1622212011033
2023895,ÅVS 15942 Vändplan Stenbockens gata,,SÖDERBY S:48,Stenbockens gata,0136,,59.1681183746587,18.1758750218306
2023896,ÅVS 7910,,SÖDERBY 2:9,Vädurens gata 201,0136,,59.1674417672511,18.1656777321809
2048782,ÅVS 16239 Tungelsta Fotbollsplan,,SKOGS-EKEBY 6:24,Idrottsvägen/Trestegsvägen,0136,,59.1103534198643,18.0392097649578
2061568,ÅVS 15342 Vid parkering,,VENDELSÖ 3:2132,Vendelsö skolväg 9,0136,,59.198869809345,18.1928175306893
2096521,ÅVS 16752 Mittemot Ringvägen 100,,ÅBY 1:27,Ringvägen,0136,,59.1281332453425,18.1091778936697
2115831,ÅVS 17215 Ornö,,SUNDBY 7:1,Ornövägen/breviksvägen,0136,,59.0761032284247,18.3938254118931
2147037,ÅVS 17489 Parkeringen,,TÄCKERÅKER 1:192,Gaffelseglet 41,0136,,59.1812011900487,18.1360277535908
6338,ÅVS 15565 ÅVC Jordbro,,HANINGE ÅBY 1:219,Rörvägen 23,0136,,59.1443590880088,18.1078518202611
94957,ÅVS 7924 Dubbelstation,,DALARÖ 7:1,Dalarö kanalbro,0136,,59.1378077677842,18.4163418243812
95666,ÅVS 7925  Vid Affären,,GUDÖ 3:296,Tutviksvägen / gudöbroleden vendelsö,0136,,59.2103676899808,18.209454778142
95667,ÅVS 7926 Vendelsö,,VENDELSÖ 3:1714,Grindstuvägen/apelvretasvägen,0136,,59.2039683784708,18.2018272653032
95668,ÅVS 7963 Vid Smedjan,,VENDELSÖ 3:1714,Sågenvägen 10,0136,,59.1997161450589,18.1923885022092
95669,ÅVS 7962 Vändplan,,VENDELSÖ 3:2132,Vendelsö skolväg 21,0136,,59.1974934864449,18.1910421893346
95670,ÅVS 7964 Parkeringsplats,,VENDELSÖ 3:153,Djurgårdsv/Vemevägen,0136,,59.1931862839546,18.1860157376224
95672,"ÅVS 7974 Elhus, Järnåldersringen",,SÖDERBY HUVUDGÅRD 2:1,Järnåldersringen/Ristarvägen,0136,,59.1878900404565,18.1670275267905
95674,ÅVS 7973 Vid parkeringen,,KLENA 5:4,Sturebergsvägen 5,0136,,59.1856845036668,18.182987632261
95675,ÅVS 7967 Parkeringen,,SÖDERBY HUVUDGÅRD 4:143,Tyrestav/Vendelsömalmsvägen,0136,,59.1795758734668,18.1799503425325
95677,ÅVS 7970 Parkeringsplats,,RAMSDALEN 2:1,RamsdalsvägenGrenvägen,0136,,59.1778919726253,18.1950966358825
95678,ÅVS 7969,,SVARTBÄCKEN 2:4,Tyrestavägen/Svartbäckens By 249-311,0136,,59.1692886200456,18.1959387844874
95679,ÅVS 7966 Vid infart Brandbergen,,SÖDERBY 2:27,Valfiskens gata 809-857,0136,,59.1736286386157,18.183896832693
95682,ÅVS 7916  Parkeringen,,SÖDERBY 2:27,Kulfångsgatan,0136,,59.1741313686116,18.1666467755043
95685,ÅVS 7920,,SÖDERBY 2:14,Tvillingarnas gata 330,0136,,59.1702686123324,18.1628933853857
95687,ÅVS 7917,,SÖDERBY 2:39,Fiskarnas gata 154,0136,,59.1675188052755,18.1691505456541
95688,ÅVS 7911,,SÖDERBY S:50,Vattumannens gata 124,0136,,59.1677660907516,18.1711688569662
95692,ÅVS 7938  Norra Parkeringen,,SÖDERBYMALM 3:21,Handen centrum norra,0136,,59.1721583558513,18.1402055844855
95695,ÅVS 7932  Vändplan,,SÖDERBYMALM 6:8,Parkvägen 26,0136,,59.1694742399992,18.1471360480279
95699,ÅVS 7931  Vid Ica,,SÖDERBYMALM 3:394,Sleipnervägen 109,0136,,59.1632916265442,18.1404422190841
95703,ÅVS 7940  I korsning,,SLÄTMOSSEN 1:191,Tuvvägen/Gamla Nynäsvägen,0136,,59.1573796993058,18.1362953569393
95704,ÅVS 7948  Vid Närbutik Jordbro,,KALVSVIK 11:831,Mostensvägen,0136,,59.1499932441306,18.1377532347189
95706,ÅVS 7947  Vändplan,,KALVSVIK 11:400,Pusshagen,0136,,59.1451277370007,18.1349286739368
95707,ÅVS 7951 Vändplan,,KALVSVIK 16:1,Blockstensvägen,0136,,59.1426069374215,18.1414318466687
95708,ÅVS 7950 Bortre parkeringsplats,,KALVSVIK 16:1,Jordbro centrum Moränvägen,0136,,59.1412799669362,18.1357309194697
95709,ÅVS 7944,,KALVSVIK 11:35,Södra jordbrovägen 165,0136,,59.1383430325397,18.1382602761346
95711,ÅVS 7945 Vändplan,,KALVSVIK 11:23,Södra jordbrovägen 120,0136,,59.1360362203232,18.1333100060761
95712,ÅVS 7946 Parkeringsplats,,KALVSVIK 16:1,Södra jordbrovägen 111,0136,,59.1369491162543,18.1271329357762
95716,ÅVS 7979  Parkeringsplats Åby,,ÅBY 1:39,Ringvägen 29,0136,,59.1274060615306,18.1020140507681
95719,ÅVS 7977  Baksidan Kyrkvägen,,ÅBY 1:52,Västerhaninge centrum,0136,,59.1224918553724,18.1075825572078
95721,ÅVS 7978 Ribby Bussvändplan,,RIBBY 2:424,Solhemsvägen/Nynäsvägen,0136,,59.115808758951,18.1063303514843
95722,ÅVS 7986,,RIBBY 2:323,Huggarvägen/Gårdsvägen,0136,,59.1120256569975,18.1096923776828
95724,ÅVS 7987,,NÖDESTA 8:235,Nederstaleden/Målarvägen,0136,,59.116763529735,18.0874193442963
95726,ÅVS 7959 Vid skolan,,"HAMMARS SMÅBRUK 11:10, 11:11",Lidavägen 18,0136,,59.1134278336891,18.059805497842
95730,ÅVS 7958  Parkeringen Lillgårdsvägen,,TUNGELSTA 10:46,Lillgårdsvägen 8,0136,,59.0989405852539,18.0441904115962
96611,ÅVS 17162  Gålö Handel,,SANDEMAR 1:1,Dalarövägen,0136,,59.1155188829017,18.276618506335
96612,ÅVS 7933  Coop,,SÖDERBY HUVUDGÅRD 2:43,Nynäsvägen 21,0136,,59.1791831876754,18.1458930584909
96613,ÅVS 14588 Parkeringsplats,,STADSBERGA 8:1,Karlslundsplan,0136,,59.0886224268394,18.1786818168346
96614,ÅVS 7952 Sandells Livs // Stänger under v. 41,,HERRSTUGAN 2:16,Herrviksvägen 2  muskö,0136,,59.0255318936442,18.1747008539821
96615,ÅVS 7953 Ludvigsberg,,LUDVIGSBERG 8:1,Högvreten 7/skarpavägen  muskö,0136,,59.0031526069981,18.129367640753
97632,ÅVS 16489 Ica Maxi,,SÖDERBY HUVUDGÅRD 2:365,Österport 4,0136,,59.1808591289563,18.1557128010014
98970,ÅVS 14589 Årsta Havsbad Torget (Bakom affär),,STADSBERGA 8:1,Årsta Havsbad Torget,0136,,59.0827695564522,18.1644511830595
99283,ÅVS 7985 Elhus Åbyinfarten,,ÅBY 1:27,Ringvägen/Åbyinfarten,0136,,59.1261936950801,18.1072363170325
10868,ÅVS Granängsringen/Granängsvägen Tyresö,,Bollmora 2:1,*,0138,,59.2381260785598,18.2284597610866
10869,ÅVS Kyrkogränd/Myggdalsvägen Tyresö,,Bollmora 2:585,Insamling elreturskåp & matfett,0138,,59.2440537538412,18.2318287802651
10870,FNI Krusbodavägen/Lummergången (ÅVS) Tyresö,,Bollmora 2:1,Insamling ljuskällor,0138,,59.2336149630043,18.2458596671529
10871,ÅVS Pluggvägen/Tyresöhallen Tyresö,,Bollmora 2:403,*,0138,,59.241142386137,18.2283923264651
10872,ÅVS Sikvägen/Siklöjevägen 7 Tyresö,,Bollmora 2:1,*,0138,,59.2486787414825,18.235733286571
10874,ÅVS Sofiebergsvägen/Kumla Allé Tyresö,,Kumla 3:1264,*,0138,,59.2182328065891,18.1958987441755
10875,ÅVS Vendelsövägen 49/Trollbäckens C Tyresö,,Kumla 69:26,Insamling elreturskåp & matfett,0138,,59.2242380055332,18.2019400594069
10877,ÅVS Skolvägen/Trollbäckens IP Tyresö,,Näsby 4:1044,Insamling ljuskällor,0138,,59.2247287218375,18.2203842396719
10878,ÅVS Granängsringen 25-26 Tyresö,,Näsby 4:1469,Insamling matfett,0138,,59.234933012892,18.2320296678761
10880,ÅVS Mellanbergsvägen/Njupkärrsvägen Tyresö,,Näsby 4:1469,*,0138,,59.2385972820112,18.2207014618343
10883,ÅVS Vendelsövägen Tyresö,,Kumla 69:44,*,0138,,59.2291800630121,18.1987989800288
10885,ÅVS Tegvägen/Gudobroleden,,Näsby 50:1,Insamling ljuskällor,0138,,59.2136451662725,18.2077950064769
10888,ÅVS Bollmoravägen/Lindalsvägen Tyresö,,Kumla 3:1264,*,0138,,59.2421899250849,18.1971224888894
10890,ÅVS Breviksvägen/Tegelbruksvägen Tyresö,,Trinntorp 1:1,Insamling ljuskällor,0138,,59.22762157463,18.3536190904265
12220,FNI Öringe Strandväg 4 (ÅVS) Tyresö,,Gimmersta 1:1,Insamling ljuskällor,0138,,59.2480414602652,18.2593000969367
15569,ÅVS Strömfallsvägen 73/ KLC Tyresö,,Strömfallet 9,Kretsloppscentralen,0138,,59.245661019231,18.2509581968353
15926,ÅVS Lagergrens väg/Strand C Tyresö,,Tyresö 1:544,Insamling elreturskåp,0138,,59.2417385300722,18.2856226266089
16519,ÅVS Bollmora Allé/Rimfrostgränd Tyresö,,Bollmora 2:1,Insamling ljuskällor,0138,,59.2462747581595,18.2245713364822
16926,ÅVS Basilikagränd Tyresö,,Näsby 4:1469,Insamling ljuskällor,0138,,59.2319442551454,18.2317466216813
16974,ÅVS Brakmarsvägen/Raksta Tyresö,,Raksta 1:3,Insamling ljuskällor,0138,,59.2251942605564,18.3015616490946
17145,FNI Nyforsvägen/Myggdalsvägen (ÅVS) Tyresö,,Bollmora 2:1,Insamling ljuskällor,0138,,59.2267189884146,18.2606270162311
17207,FNI Myggdalsvägen/Hajstigen (ÅVS) Tyresö,,Bollmora 2:1,Insamling ljuskällor,0138,,59.242345972263,18.2380200244191
10895,Glasbehållare Näsbypark,,,Fregattvägen 7,0160,,59.43306,18.0925
10912,ÅVS Viggbygärdet,,,Södervägen 55 ,0160,,59.44667,18.09528
10919,Glasbehållare Båtklubben,,,Hamnvägen 1,0160,,59.43583,18.10917
12462,ÅVS Storstugan,,,Åkerbyvägen 96,0160,,59.44722,18.07194
14419,Hagby återvinningsanläggning (ÅVC),,,Frestavägen 10,0160,Är tillgänglig enligt Hagby ÅVC öppettider. www.sorab.se,59.47472,18.00833
15796,ÅVS Skarpäng,,,Enhagsvägen 24,0160,,59.43972,18.035
15818,ÅVS Vallatorp,,,Vallatorpsvägen 6,0160,,59.46556,18.04389
15900,ÅVS Lahäll,,,Lahällsvägen,0160,,59.42722,18.06472
15930,ÅVS Nytorp,,,Nytorpsvägen (Nytorps industriområde),0160,,59.43361,18.07778
15977,ÅVS Täby kyrkby,,,Frestavägen,0160,,59.48361,18.05333
16009,Glasbehållare Täby kyrkby,,,Holmgårdsvägen,0160,,59.49278,18.06556
16070,ÅVS Bergtorp,,,Bergtorpsvägen 43,0160,,59.44167,18.09722
16273,ÅVS Hägernäs,,,Flygbacken 3,0160,,59.44528,18.12444
16473,ÅVS Ullna,,,Ullnavägen,0160,,59.47194,18.12833
17331,ÅVS Ensta,,,Mårdvägen 2,0160,,59.44944,18.06278
17646,ÅVS Täby park,,,Sadelgatan 20,0160,,59.44278,18.09361
15788,Enebybergs IP,,ENEBYBERG 1:119,Arholmavägen 33,0162,,59.425,18.03167
15849,Danderyds Golfklubb,,DANDERYD 2:143,Edsbergsvägen 2,0162,,59.41472,18.01944
16059,"Vasavägen, vid Lidl Stocksund",,STOCKSUND 2:124,Vasavägen/Bengt Färgares väg,0162,,59.38611,18.04444
16190,Enebyängens handelsplats,,DJURSHOLM 2:437,Sunnanängsvägen 2,0162,,59.42111,18.04389
16299,Pendelparkering vid Mörbyskolan,,DANDERYD 3:166,Vendevägen 96,0162,,59.39278,18.04639
17132,Danderydsvallen ,,DANDERYD 3:23,Noragårdsvägen 46,0162,Ministation för plast- och pappersförpackningar samt returpapper.,59.40278,18.01806
17697,"Mörby Centrum, södra parkeringen",,DANDERYD 3:177,Mörby Centrum,0162,,59.39639,18.03778
12833,Timotejvägen,,NORRVIKEN 2:1,Timotejvägen 15,0163,,59.480244,17.908565
14871,Vid Viby Skola,,VIBY 11:1,Kornettvägen,0163,,59.457356,17.890478
15824,Silverdals kapell,,HELENELUND 7:5,Sollentunavägen 19,0163,,59.40491,17.974701
15987,Sollentunavallen,,TUREBERG 29:54,Arenavägen 1,0163,,59.435403,17.951227
16459,ICA Maxi Häggvik,,STÄDET 1,Mossvägen 1,0163,,59.438046,17.933908
16559,Rotebro Coop/Willys parkering,,ROTUNDAN 1,Konsumentvägen 1A,0163,,59.470841,17.914689
17110,Norrsätra verksamhetsområde,,TÖRNSKOGEN 3:2,Bergväggenvägen 1,0163,,59.463761,17.977695
9899,Parkeringen Båtsmansvägen,,TÖRNSKOGEN 3:5,Båtsmansvägen 44,0163,,59.459331,17.949147
9903,Flintlåsvägen/Lodvägen,,EDSBERG 10:30,Flintlåsvägen 1,0163,,59.44806,17.96472
9906,Bussvändplan/Porsvägen,,Gondolen 89,Porsvägen 178,0163,,59.45944,17.94278
9907,Rudbecks väg /Skoldagsväg,,EDSBERG 10:8,Rudbecksväg 143A,0163,,59.44167,17.96861
9910,Skogstorpsvägen/Hedvigsdalsvägen,,HELENELUND 7:5,Skogstorpsvägen 32,0163,,59.40889,17.975
9912,Simhallsparkeringen Sollentunavallen,,Edsberg 11:25,Platåvägen,0163,,59.441788,17.951297
9914,Vid järnvägen Linnésvägs norra ände (Skälby),,HÄGGVIK 3:2,Smedjevägen,0163,,59.441754,17.936249
99140,"Rotebro, KOM-C",,ROTEBRO 4:10,Bollstanäsvägen/Norrviksleden,0163,,59.483445,17.917642
9916,Norrvikens Centrum parkering,,NORRVIKEN 2:54,Stationsallén 2,0163,,59.458943,17.922841
9917,Rotebrovägen 99-1,,NORRVIKEN 2:1,Rotebrovägen 99,0163,,59.471287,17.910091
9921,Rotebro Centrum,,NORRVIKEN 2:1,Ragnar Lundqvists väg,0163,,59.478683,17.911
99214,Hedemoravägen,,VIBY 12:15,Hedemoravägen,0163,,59.460054,17.910425
9926,Rösjöbadet,,SJÖBERG 7:3,Rösjöbadsvägen/Lomvägen,0163,,59.435065,17.992678
585017,Återvinningsstation 10007,,PERUKEN 4,Per Ekströms Väg 5 ,0180,,59.3451837626802,17.8944358313422
585071,Återvinningsstation 10009,,KYRKBYN 7,Gliavägen 128,0180,,59.353705697553,17.9172463874747
585072,Återvinningsstation 10012,,STENYXAN 19,Bergslagsvägen 176,0180,,59.3426171618051,17.907604443399
585073,Återvinningsstation 10013,,ULVSUNDA 1:1,Abrahamsbergsvägen 62,0180,,59.3321804455904,17.9485675166291
585074,Återvinningsstation 10018,,ROSTUGNEN 2,Tackjärnsvägen 4,0180,,59.3453722190325,17.971879574161
585075,Återvinningsstation 10019,,TALLBARRET 1,Tussmötevägen 221,0180,,59.2798445046071,18.0561399094466
585076,Återvinningsstation 10020,,RIBBAN 1,Tallkrogsvägen 41,0180,,59.2746606709849,18.091457757034
585077,Återvinningsstation 10022,,HÖGAFFELN 18,Stockholmsvägen 3,0180,,59.286174247052,18.0872158570191
585078,Återvinningsstation 10024,,STUREBY 1:1,Munksjövägen 16,0180,,59.2746692268605,18.0583972545396
585079,Återvinningsstation 10026,,HÖBÄRGNINGEN 15,Mellanvägen 8,0180,,59.2812452444891,18.0809564676505
585080,Återvinningsstation 10028,,ADELSÖ 2,Filipstadsbacken 70,0180,,59.2384315397567,18.1063462435578
585081,Återvinningsstation 10029,,RÄTTIKAN 1,Bägersta Byväg 1,0180,,59.2886855656631,18.0604109506948
585093,Återvinningsstation 18004,,SKÖRDETRÖSKAN 1,Åstorpsringen 26,0180,,59.2846414101931,18.0949978787956
585097,Återvinningsstation 10033,,JÄLLÖ 16,Rödkindavägen 18 ,0180,,59.2359194413381,18.0869310593596
585098,Återvinningsstation 10035,,KORSTAVLAN 1,Havsörnsvägen 42 ,0180,,59.2484555099063,18.0565031728294
585099,Återvinningsstation 10036,,LISÖ 1,Färnebogatan 66,0180,,59.2458468122506,18.0972497953578
585100,Återvinningsstation 10038,,SVEDJELANDET 3,Vintrosagatan 15 ,0180,,59.2614774951223,18.0176021157403
585101,Återvinningsstation 10039,,ÄLVSJÖ 1:1,Stjärnsundsgatan 2,0180,,59.2620071173367,18.0028712598059
585102,Återvinningsstation 10040,,STRUTHATTEN 3,Glanshammarsgatan 34,0180,,59.2646256380564,18.0101051432788
585104,Återvinningsstation 10042,,KÄRRTORP 1:6,Holmögaddsvägen 1,0180,,59.2829372011076,18.1151977317665
585105,Återvinningsstation 10043,,HOVRÄTTSRÅDET 2,Fogdevägen 116,0180,,59.2768674270151,18.126969446315
585106,Återvinningsstation 10044,,HAMMARBYHÖJDEN 1:1,Olaus Magnus Väg 36,0180,,59.2974175983497,18.0913274536303
585107,Återvinningsstation 10048,,HAMMARBYHÖJDEN 1:1,Karlskronavägen 2,0180,,59.2934596021058,18.1148602118564
585108,Återvinningsstation 10050,,DALGÄRDET 12,Gamla Tyresövägen 374,0180,,59.2795517267418,18.1087068841745
585109,Återvinningsstation 10053,,JOHANNESHOV 1:12,Pastellvägen 1,0180,,59.2941134369526,18.086284174382
585110,Återvinningsstation 10055,,BRÄNNERIET 3,Reimersholmsgatan 10,0180,,59.3180367740257,18.0226345580812
585111,Återvinningsstation 10057,,STÄMJÄRNET 1,Heleneborgsgatan 12,0180,,59.3195510054224,18.040965011413
585112,Återvinningsstation 10059,,BULTEN 14,Borgargatan 6,0180,,59.3175828133807,18.0344252709019
585113,Återvinningsstation 10062,,VÄSTBERGA 1:1,Mellanbergsvägen 61,0180,,59.292811053224,17.9849285743006
585114,Återvinningsstation 10063,,LEOPOLDS LYRA 1,Ålgrytevägen 35,0180,,59.2993369420693,17.9414184389068
585116,Återvinningsstation 10065,,HÄGERSTEN 1:60,Hägerstensvägen 331,0180,,59.3011186111151,17.9579655830299
585117,Återvinningsstation 10066,,STENSBORG 24,Hägerstensvägen 302,0180,,59.300538976837,17.9636958330153
585118,Återvinningsstation 10067,,LOKATTEN 1,Hägerstens Allé 5,0180,,59.3050958018574,17.9758662170312
585119,Återvinningsstation 10069,,VÄSTBERGA 1:1,Fredrika Bremers Gata 36,0180,,59.2854626593158,17.9734485965531
585120,Återvinningsstation 10077,,FJÄLLRUTAN 27,Blåklocksvägen 3,0180,,59.3680396269982,17.8208256612723
585121,Återvinningsstation 10080,,GUBBÄNGEN 1:1,Fagersjövägen 4,0180,,59.256720476547,18.0798462635335
585122,Återvinningsstation 10081,,GAMEN 9,Tjurbergsgatan 23,0180,,59.3105815796153,18.0723981975805
585123,Återvinningsstation 10082,,MASKEN 9,Bohusgatan 57,0180,,59.3073176521343,18.0838785775988
585124,Återvinningsstation 10083,,MOROTEN 5,Ringvägen 163,0180,,59.3102326478019,18.087148248178
585132,Återvinningsstation 10084,,SÖDERMALM 8:57,Färgarplan  ,0180,,59.3102168830935,18.0950033985129
585133,Återvinningsstation 10087,,ERSTA 24,Folkungagatan 137,0180,,59.3158810901311,18.0911062420022
585134,Återvinningsstation 10088,,GRUVAN 4,Bondegatan 79,0180,,59.3132169025006,18.0958211695287
585146,Återvinningsstation 10094,,STUREN MINSTA 2,Södermannagatan 2,0180,,59.3157479188366,18.0792810191312
585147,Återvinningsstation 99254,,ÅKESHOV 1:1,Bergslagsvägen 51,0180,,59.3416083113933,17.9285747484451
585148,Återvinningsstation 99253,,JÄMLIKHETEN 6,Ljusnevägen 17,0180,,59.2772450951488,18.1415083059526
585149,Återvinningsstation 99232,,SKRIDSKON 1,Lugntorpsvägen 45,0180,,59.2948756126984,17.9641867395016
585150,Återvinningsstation 99231,,TÄPPAN 1,Bjurholmsgatan 16,0180,,59.3103518119739,18.0794606600481
585151,Återvinningsstation 99230,,RIKSBY 1:1,Kvarnbacksvägen 64 ,0180,,59.3421268871601,17.9497996748643
585152,Återvinningsstation 99228,,GULDFISKEN 18,Nybrogatan 57 A ,0180,,59.3381273267588,18.0791442806036
585153,Återvinningsstation 99226,,TRUBADUREN 96,Tenorgränd 66 ,0180,,59.383200080701,17.8586836137766
585161,Återvinningsstation 99145,,ALVIKEN 13,Alviksvägen 5,0180,,59.3325504949207,17.9753666911915
585163,Återvinningsstation 17262,,KLARBÄRET 4,Ruddammsvägen 15,0180,,59.3511474531226,18.0643282102144
585164,Återvinningsstation 17223,,SVEDJAREN 4,Hagsätravägen 123 ,0180,,59.2611024186216,18.025624541432
585166,Återvinningsstation 17201,,PELARBACKEN MINDRE 23,Kapellgränd 7,0180,,59.3160082912335,18.0743472704079
585167,Återvinningsstation 17122,,BODHOLMEN 1,Ängsholmsgränd 63  ,0180,,59.2754495187766,17.8825249186816
585168,Återvinningsstation 17109,,PIEDESTALEN 3,Maltesholmsvägen 144,0180,,59.3603334115701,17.8331042435763
585169,Återvinningsstation 17068,,DOPFUNTEN 1,Sköndalsvägen 88,0180,,59.2544657374113,18.1156502227575
585170,Återvinningsstation 16966,,VAGNHALLEN 8,Jämtlandsgatan 123,0180,,59.3558070232583,17.8789216352735
585172,Återvinningsstation 16957,,ÄNGSHOLMEN 1,Ängsholmsgränd 6 ,0180,,59.2755498536728,17.880022789572
585173,Återvinningsstation 16943,,STORA KATRINEBERG 16,Liljeholmsstranden 5,0180,,59.3140926440461,18.0272411278066
585174,Återvinningsstation 10095,,HÖKEN 31,Åsögatan 118,0180,,59.3131248003535,18.0754402336978
585175,Återvinningsstation 10096,,TULLSTUGAN 1,Östgötagatan 97,0180,,59.3065258914143,18.0805028805381
585176,stängd 2026-04-21,,ÅRSTA 1:1,Östbergabackarna 73,0180,,59.2886924586757,18.0367166635583
585177,Återvinningsstation 10097,,AKALLA 4:1,Villmanstrandsgatan 7,0180,,59.4134749492668,17.9170121009194
585178,Återvinningsstation 16920,,LOFOTEN 1,Stavangergatan 68,0180,,59.4126565386632,17.9294752200091
585179,Återvinningsstation 10098,,TROMSÖ 3,Narviksgatan 11,0180,,59.4132562968611,17.9235686571444
585180,Återvinningsstation 16915,,SOLBERGA 4:1,Diamantbacken 2,0180,,59.2898181492937,17.9947309970562
585181,Återvinningsstation 16782,,BÅTHOLMEN 2,Vårbergsvägen 64 ,0180,,59.2735651019042,17.8807855466379
585182,Återvinningsstation 10102,,STYCKGJUTERIET 4,Wennerbergsgatan 10,0180,,59.3270475306703,18.0130429597214
585184,Återvinningsstation 10103,,FREDHÄLL 1:4,Rålambsvägen 30 ,0180,,59.3285264862003,18.0100965961797
585185,Återvinningsstation 10104,,KLAMPAREN 11,Pipersgatan 41  ,0180,,59.3332742675977,18.047064071182
585186,Återvinningsstation 16743,,HÅLLSÄTRA 1,Lövsätragränd 1 ,0180,,59.2872572223486,17.9135740551029
585187,Återvinningsstation 16742,,HÄRDEN 16,Dalagatan 63,0180,,59.3476328664564,18.0398177538406
585188,Återvinningsstation 16728,,VATTUMANNEN 31,Timmermansgatan 27,0180,,59.3169836151313,18.0607936652715
585189,Återvinningsstation 10106,,ISBRYTAREN 34,Igeldammsgatan 42 ,0180,,59.3383196073394,18.0222037907303
585190,Återvinningsstation 16724,,KÄTTINGEN 30,Kungsholms Strand 127,0180,,59.3368555358115,18.0341576455676
585191,Återvinningsstation 10107,,BORGARE 1,Hjalmar Söderbergs Väg 14,0180,,59.3330152227021,18.0017178508769
585192,Återvinningsstation 16653,,SOMMAREN 10,Alsnögatan 3,0180,,59.3125094570131,18.1006257723683
585193,Återvinningsstation 16652,,PRINSEN 13,Klevgränd 5,0180,,59.3186332165949,18.0746899511251
585194,Återvinningsstation 10108,,DUNGEN 22,Essinge Kyrkväg 9,0180,,59.3213022975102,17.9897839335492
585195,Återvinningsstation 16648,,HAIFA 1,Tullvaktsvägen 2,0180,,59.3395271096413,18.1173917714877
585196,Återvinningsstation 16647,,BJÖRKLÅNGEN 1,Sandfjärdsgatan 9,0180,,59.2952613590495,18.0436445075256
585197,Återvinningsstation 16644,,INSTRUKTIONEN 1,Snöripsvägen 36,0180,,59.2728607849264,17.977528244613
585199,Återvinningsstation 16643,,PLANKAN 24,Varvsgatan 21,0180,,59.3172276349804,18.0404057640136
585200,Återvinningsstation 10109,,DAMMSUGAREN 1,Essinge Brogata 37,0180,,59.3250676782381,18.0034429454825
585207,Återvinningsstation 10114,,STADSARKIVET 1,Kungsklippan 10,0180,,59.3301504410538,18.0484548532348
585208,Återvinningsstation 10117,,KUNGSHOLMEN 2:2,Pontonjärgatan 25,0180,,59.3290582518279,18.0328816330477
585209,Återvinningsstation 10118,,STADSHAGEN 1:1,Stadshagsvägen 14,0180,,59.3363434410815,18.0213949117304
585211,Återvinningsstation 10122,,LEJONGAPET 41,Tegelbruksvägen 15,0180,,59.3030661502171,18.0121502644354
585213,Återvinningsstation 10124,,LJUNGSPOVEN 5,Erik Segersälls Väg 9,0180,,59.3066498765129,18.0005523925514
585215,Återvinningsstation 10125,,VÄSTBERGA 1:1,Nitvägen 24,0180,,59.2917396335213,17.9912813612048
585216,Återvinningsstation 16641,,RAMSÖKAREN 5,Trollesundsvägen 56 A ,0180,,59.2673870135192,18.0550932948155
585218,Återvinningsstation 16640,,TRÖSTLÖSA 1,Stenkullavägen 2,0180,,59.3186327676528,17.9898130430082
585219,Återvinningsstation 10126,,LILJEHOLMEN 1:1,Lusuddsvägen 4,0180,,59.316116493198,18.0151512226553
585221,Återvinningsstation 16639,,EKSTUBBEN 1,Åminnevägen 19 ,0180,,59.3708254413359,18.0540782755694
585222,Återvinningsstation 16638,,SEGELBÅTEN 9,Polhemsgatan 37  ,0180,,59.3352225777074,18.0390598881291
585223,Återvinningsstation 16630,,HAMMARBYHÖJDEN 1:1,Finn Malmgrens Väg 43,0180,,59.2955877283361,18.1074124293049
585224,Återvinningsstation 16590,,RÖDBY 2,Jyllandsgatan 141,0180,,59.4022316132848,17.9331388726359
585226,Återvinningsstation 16482,,MUNKLÄGRET 14,Norr Mälarstrand 20,0180,,59.3266791229781,18.0462621777146
585227,Återvinningsstation 16468,,SÅGEN 22,Hornsgatan 182,0180,,59.3150911577495,18.0322167218678
585228,Återvinningsstation 16451,,ENIGHETEN 25,Enighetsvägen 5,0180,,59.3611206815473,17.9526811241284
585232,Återvinningsstation 16300,,REKRYTEN 6,Valhallavägen 192,0180,,59.3375518177617,18.1037714623302
585234,Återvinningsstation 16292,,SÖDRA HAMMARBYHAMNEN 1:37,Hästholmsvägen/Henriksdalsvägen  ,0180,,59.3115073012241,18.1064754913139
585235,Återvinningsstation 14755,,JÄVERÖ 1,Värmlandsvägen 101 B,0180,,59.2478026362354,18.0845324650896
585236,Återvinningsstation 16102,,DOMKRAFTEN 10,Vingåkersplan 12,0180,,59.2748381244274,18.0292843324925
585237,Återvinningsstation 10128,,BARKSKEPPET 1,Fregattvägen 28,0180,,59.3138836448514,18.0056197245026
585238,Återvinningsstation 16101,,HALMSJÖN 1,Vättersvägen 24,0180,,59.2958433087521,18.059068964375
585239,Återvinningsstation 16100,,KLOTEN 2,Åmänningevägen 64,0180,,59.2964755046896,18.0416799151312
585244,Återvinningsstation 16040,,HJORTHAGEN 1:5,Artemisgatan 89,0180,,59.3548090859793,18.0972170766892
585245,Återvinningsstation 16001,,HÖGBERGSTERRASSEN 1,Högbergsgatan 99,0180,,59.3146455692291,18.0574192620513
585246,Återvinningsstation 15932,,KUNDREGISTRET 5,Multrågatan 57,0180,,59.360199323677,17.8785898599685
585247,Återvinningsstation 15877,,GETEN 21,Frejgatan 31,0180,,59.3472360143812,18.0567790806913
585248,Återvinningsstation 15769,,FLYTTFÅGELN 2,Stenkilsgatan 7,0180,,59.307921479214,17.9894169334237
585249,Återvinningsstation 15760,,SPANJOREN 2,Björnsonsgatan 4,0180,,59.3436157278927,17.8889719377676
585250,Återvinningsstation 15759,,HÄSSELBY VILLASTAD 14:34,Sandviksvägen 159,0180,,59.3784258450515,17.815877561699
585252,Återvinningsstation 15755,,MORÄNEN 1,Sundbyvägen 12,0180,,59.3636615409483,17.9039842650132
585253,Återvinningsstation 15754,,TRANEBERG 1:1,Margretelundsvägen 49 ,0180,,59.3374548456658,17.9829196189343
585254,Återvinningsstation 15753,,VERKTYGSBODEN 18,Loviselundsvägen 44 ,0180,,59.3693542468028,17.8351947941506
585255,Återvinningsstation 15752,,ASPUDDEN 2:1,Blommensbergsvägen 176,0180,,59.3073635036747,17.9960987711551
585257,Återvinningsstation 15721,,SKRIVMASKINEN 8,Solleftegatan 5,0180,,59.3581075867572,17.8882506967117
585258,Återvinningsstation 15719,,RIDDARSPORREN 24,Frejgatan 61,0180,,59.3454676782358,18.0497934865475
585259,Återvinningsstation 15718,,ÄSSJAN 11,Dalagatan 55,0180,,59.3462472200971,18.0410485868706
585261,Återvinningsstation 15703,,HAMMARBYHÖJDEN 1:1,Garagevägen 11,0180,,59.2927679254925,18.0952620636238
585263,Återvinningsstation 10129,,BOTTENSTOCKEN 8,Gröndalsvägen 126,0180,,59.3149052130694,17.9971670668452
585264,Återvinningsstation 10131,,NATTUGGLAN 14,Västgötagatan 5,0180,,59.3133269493573,18.0710640763686
585265,Återvinningsstation 10132,,NORRMALM 5:1,Tantogatan 12,0180,,59.3116611024554,18.0513332421436
585266,Återvinningsstation 10133,,SATURNUS 20,Ragvaldsgatan 9,0180,,59.3184568902912,18.0684505729263
585267,Återvinningsstation 10134,,GAMLA STAN 1:30,Skeppsbrokajen 104 ,0180,,59.3253860937057,18.0760389118398
585268,Återvinningsstation 10135,,SÖDERMALM 2:1,Ringvägen 18,0180,,59.3159737865155,18.0509816709496
585269,Återvinningsstation 10137,,SÖDERMALM 4:1,Högbergsgatan 42,0180,,59.3164115579362,18.0705865801621
585270,Återvinningsstation 10138,,IASON 1,Mälartorget 17,0180,,59.3229184790173,18.0690288550278
585272,Återvinningsstation 10139,,LINET 1,Eriksdalsgatan 40,0180,,59.3063432997909,18.0684480906098
585273,Återvinningsstation 10143,,SÖDERMALM 9:1,Älvsborgsgatan 6,0180,,59.263142144553,18.1235185079063
585275,Återvinningsstation 10146,,VASASTADEN 2:100,Tegnérgatan 27,0180,,59.3399652562263,18.0602592119566
585276,Återvinningsstation 10147,,GETINGEN 14,Sveavägen 143,0180,,59.3498607129197,18.0490791930999
585277,Återvinningsstation 15672,,POKALEN 3,Vikingagatan 27,0180,,59.3432747689866,18.0336399060016
585279,Återvinningsstation 15502,,GUBBÄNGEN 1:1,Ramvägen 23,0180,,59.2636722493818,18.0894784551507
585280,Återvinningsstation 15501,,TRANEBERG 1:1,Vidängsvägen 22,0180,,59.3370266901381,17.9788541162696
585282,Återvinningsstation 15499,,VÄGGEN 28,Sparreholmsvägen 29,0180,,59.2829904395227,18.0426887244856
585283,Återvinningsstation 10151,,OXEN MINDRE 35,Luntmakargatan 28,0180,,59.3382408097873,18.062513873893
585284,Återvinningsstation 10152,,STOLMAKAREN 14,Luntmakargatan 80,0180,,59.3426747401298,18.0585327687869
585285,Återvinningsstation 10154,,KADETTEN 2,Rörstrandsgatan 64,0180,,59.3432652791843,18.0267074726662
585286,Återvinningsstation 15486,,SÖDERMALM 4:1,Torkel Knutssonsgatan 10,0180,,59.3189563886124,18.0563826364154
585288,Återvinningsstation 10174,,FALKHOLMEN 5,Falkholmsgränd 41 ,0180,,59.2793316865408,17.8966720239619
585289,Återvinningsstation 10176,,SOLHEM 12:1,Vinstavägen 1 ,0180,,59.3804562572935,17.8849393641396
585291,Återvinningsstation 10181,,AKALLA 4:1,Solhems Hagväg 8,0180,,59.386647137891,17.9027629433879
585294,Återvinningsstation 15478,,ÄLVSJÖ 2:5,Långsjövägen 30,0180,,59.2735334759105,17.9948099295715
585295,Återvinningsstation 15366,,JOHANNELUND 4,Siktgatan 11,0180,,59.3695715705131,17.8561101855389
585296,Återvinningsstation 10184,,EGIL 7,Duvbovägen 78,0180,,59.3762527840708,17.9195711744729
585297,Återvinningsstation 15360,,VOLONTÄREN 16,Rörstrandsgatan 32,0180,,59.3408048161432,18.0293382223317
585298,Återvinningsstation 15351,,SÄNGKAMMAREN 3,Ormängsgatan 16,0180,,59.3639557224976,17.8425418872186
585299,Återvinningsstation 10185,,BROMSTEN 8:1,Duvbovägen 147,0180,,59.3832932856639,17.9097148783364
585300,Återvinningsstation 15350,,FÖRMAKET 1,Maltesholmsvägen 85,0180,,59.3656113249627,17.8432613537621
585301,Återvinningsstation 15347,,STJÄRNFALLET 21,Upplandsgatan 30,0180,,59.339970666319,18.0512177434476
585302,Återvinningsstation 10189,,CALIXTUS 10,Arrendevägen 32 ,0180,,59.3655260923206,17.916659770341
585303,Återvinningsstation 15028,,VÄSTBERGA 1:1,Elsa Brändströms Gata 62,0180,,59.2878126180204,17.9641868658573
585304,Återvinningsstation 15015,,KONDUKTRISEN 7,Ugglemossvägen 61,0180,,59.2934621058361,17.946497179744
585305,Återvinningsstation 15014,,HÄGERSTENSÅSEN 1:2,Bäckvägen 130,0180,,59.3001390943076,17.9816001131885
585307,Återvinningsstation 15011,,ACCEPTEN 1,Tornedalsgatan 4,0180,,59.3662875847598,17.883647639333
585308,Återvinningsstation 15009,,FABRIKEN 29,Folkskolegatan 16,0180,,59.3165382844003,18.0306580962875
585309,Återvinningsstation 15008,,KÄRRSPIRAN 1,Björnmossevägen 5,0180,,59.3789173285803,17.8482676145936
585310,Återvinningsstation 14822,,BECKASINEN 14,Valhallavägen 16,0180,,59.3491263673715,18.0619992171311
585311,Återvinningsstation 14821,,TIMMERLASSET 19,Sågverksgatan 58  ,0180,,59.2772886336215,18.0482549961018
585314,Återvinningsstation 10194,,SKÖNDAL 2:1,Perstorpsvägen 70,0180,,59.251874528731,18.1067632107724
585316,Återvinningsstation 10198,,DVÄRGSPETSEN 1,Gråhundsvägen 9 ,0180,,59.2631443611341,18.1235141473918
585318,Återvinningsstation 10202,,ÖRBY 4:1,Skebokvarnsvägen 337,0180,,59.2629568451029,18.0405147194745
585319,Återvinningsstation 14819,,BONDESONEN 17,Renstiernas Gata 32,0180,,59.3128934137372,18.0848408825765
585320,Återvinningsstation 14818,,BERGSFALLET 10,Polhemsgatan 23,0180,,59.3312171015542,18.0370311740879
585321,Återvinningsstation 14817,,PAPPERSRULLEN 1,Götaforsvägen 46,0180,,59.2691247655996,18.0583913359721
585323,Återvinningsstation 14791,,STUGAN 4,Sankt Göransgatan 152,0180,,59.3883682261453,17.8855415841199
585325,Återvinningsstation 10205,,BYGELN 4,Rågsveds Skolgränd 6,0180,,59.2570379713649,18.0245795846075
585326,Återvinningsstation 10206,,ÖRBY 4:1,Ripsavägen 34,0180,,59.2669224151031,18.0315474854021
585327,Återvinningsstation 10210,,RUSTIKEN 2,Fågelstavägen 1,0180,,59.2695763472093,18.0487239495583
585328,Återvinningsstation 10217,,BRUDHANDSKEN 11,Rättar Vigs Väg 98,0180,,59.3715784448361,17.8853470307818
585329,Återvinningsstation 10220,,PAPPERSKLÄMMAN 2,Lyckselevägen 37 ,0180,,59.3683556549989,17.8636130924142
585330,Återvinningsstation 10222,,ULLTISTELN 40,Sörgårdsvägen 257,0180,,59.3841623934611,17.8479680747494
585331,Återvinningsstation 10223,,GLADA ÄNKAN 1,Basgränd 1,0180,,59.3833501929828,17.8653537319639
585332,Återvinningsstation 10224,,VÄLLINGBY 3:9,Kirunagatan 29,0180,,59.3654392248002,17.8618005093214
585333,Återvinningsstation 10240,,BJUREN 2,Valla Torg 63,0180,,59.2936917475717,18.0504257674079
585335,Återvinningsstation 10242,,RUNGELN 2,Sköntorpsvägen 18,0180,,59.2981409008744,18.0668303880902
585336,Återvinningsstation 14814,,ENSKEDE GÅRD 1:1,Herrgårdsvägen 34,0180,,59.2901028839567,18.0647189192897
585337,Återvinningsstation 10243,,VÅMBSJÖN 1,Skälderviksplan 3 ,0180,,59.2988750764335,18.0335836791012
585338,Återvinningsstation 14788,,TRANEBERG 1:13,Margretelundsvägen 12,0180,,59.3345824818136,17.9874867430879
585339,Återvinningsstation 14758,,BJÄLKLAGET 13,Gamla Bromstensvägen 97,0180,,59.367834850877,17.9259069127397
585342,Återvinningsstation 14754,,BAKBORDET 1,Perstorpsvägen 77,0180,,59.2560884584625,18.1067960897335
585343,Återvinningsstation 14435,,MALMGÅRDEN 1,Östermalmsgatan 88,0180,,59.339996938317,18.0867196909238
585344,Återvinningsstation 14434,,TRUPPEN 1,Studentbacken 2,0180,,59.3485144477603,18.0954995739794
585345,Återvinningsstation 14433,,HERRÄNGENS BOLLPLAN 2,Segeltorpsvägen 37,0180,,59.272950678458,17.9613845160569
585346,Återvinningsstation 14431,,PRÄSTGÅRDSVRETEN 1,Götalandsvägen 205,0180,,59.2810045959988,18.0152747828585
585348,Återvinningsstation 14430,,TINGFAST 39,Stamdikesvägen 6,0180,,59.3742863021544,17.8693251877472
585350,Återvinningsstation 14425,,ÖRBY 4:1,Trollesundsvägen 69,0180,,59.2632572350824,18.0518623287002
585351,Återvinningsstation 14421,,ÄLVSJÖ 1:1,Bjursätragatan 24,0180,,59.2566056199892,18.0361931923889
585352,Återvinningsstation 14412,,SKRUBBHYVELN 4,Kistvägen 6,0180,,59.2644913947073,18.0807061687582
585353,Återvinningsstation 14406,,HÖGSÄTRA 9,Sätra Torg 4,0180,,59.2850591019973,17.9242393482606
585354,Återvinningsstation 14405,,BRANTHOLMEN 1,Brantholmsgränd 66,0180,,59.2768800888516,17.896604116133
585355,Återvinningsstation 14403,,MOLNTAPPEN 56,Tätorpsvägen 162,0180,,59.2671545917007,18.1392091358716
585356,Återvinningsstation 14402,,SKRUBBA 1:1,Skrubba Allé 4,0180,,59.24176333131,18.1844455809194
585357,Återvinningsstation 14400,,SKARPNÄCKS GÅRD 1:1,Orhemsvägen 31,0180,,59.2580071310729,18.1365594314322
585358,Återvinningsstation 14385,,SOMENS KVARN 1,Ludvigsbergsgatan 24,0180,,59.3197887478312,18.0546114197952
585359,Återvinningsstation 14383,,LILJEHOLMEN 1:1,Grenljusbacken 5,0180,,59.3142666636369,18.0147060707584
585361,Återvinningsstation 14408,,SÄTRA 2:1,Tankebyggarbacken,0180,,59.2908673278479,17.9304817194896
585362,Återvinningsstation 14382,,MANHEM 3,Stagneliusvägen 56 ,0180,,59.3302145358918,18.0000285975832
585363,Återvinningsstation 14380,,VEJLE 1,Vejlegatan 1,0180,,59.4016190235123,17.9439765501789
585364,Återvinningsstation 14376,,BEGONIAN 28,Riddersviksvägen 182,0180,,59.3800476569921,17.8035792538489
585365,Återvinningsstation 14375,,GRIMSTA 1:2,Kvarnhagsgatan 52,0180,,59.3663948279087,17.8501746923025
585366,Återvinningsstation 14373,,HÄSSELBY VILLASTAD 28:1,Dvärglinsgränd,0180,,59.3925837465174,17.81934276143
585367,Återvinningsstation 14372,,VITMÅRAN 1,Bergmyntegränd 5,0180,,59.3892812288105,17.8012242881054
585369,Återvinningsstation 14370,,BACKLÖKEN 38,Backlöksvägen 45 ,0180,,59.3934789468754,17.8099214438348
585370,Återvinningsstation 14369,,ISVAKEN 1,Broddgränd 1 ,0180,,59.290391692091,17.970488806997
585372,Återvinningsstation 14361,,MILJÖVÅRDEN 1,Spångavägen 277,0180,,59.3613911630357,17.9054622809462
585373,Återvinningsstation 14359,,BETONGBLANDAREN 13,Adolfsbergsvägen 25 ,0180,,59.3582339905445,17.9559502162082
585375,Återvinningsstation 12839,,TIMGLASET 2,Bärbogränd 2,0180,,59.2713010621915,18.0426107871625
585376,Återvinningsstation 10244,,BALUNGEN 3,Siljansvägen 75  ,0180,,59.2993313363711,18.0413727872214
585377,Återvinningsstation 12827,,VEGA 3,Kungstensgatan 47,0180,,59.3405182478222,18.0543102445112
585378,Återvinningsstation 10248,,ENSKEDE GÅRD 1:1,Gullmarsvägen 7,0180,,59.2985644358023,18.0782012360229
585379,Återvinningsstation 10251,,NIPPERSKRINET 9,Älvsjövägen 90 ,0180,,59.2848556444964,17.9928722182846
585380,Återvinningsstation 16588,,SOLHEM 16:1,Dagsverksvägen 244,0180,,59.3778157621835,17.9067271283392
585381,Återvinningsstation 10254,,SAXOFONISTEN 1,Svartlösavägen 240,0180,,59.2657119715281,17.9769565761871
585382,Återvinningsstation 10278,,SERVISEN 8,Erik Dahlbergsgatan 43 ,0180,,59.3449511785695,18.0930461105369
585383,Återvinningsstation 10257,,JUMPERN 2,Karossvägen 41,0180,,59.2868237674113,17.9799428660024
585384,Återvinningsstation 10258,,KLARINETTEN 17,Herrängsvägen 112,0180,,59.2807544835909,17.960025732593
585385,Återvinningsstation 10273,,KAMPEMENTET 4,Kampementsgatan 2,0180,,59.3464328179007,18.1025415212895
585387,Återvinningsstation 10268,,ERIKSBERG 2,Runebergsgatan 1,0180,,59.3409047000674,18.0661667072739
585389,Återvinningsstation 10260,,TAKRYTTAREN 1,Gimmerstavägen 2,0180,,59.2804158170286,18.0348024617862
585390,Återvinningsstation 10261,,JULGRÖTEN 2,Annebodavägen 66 ,0180,,59.2875955472821,18.0267127272884
585391,Återvinningsstation 10266,,ÖSTERMALM 3:62,Strandvägen,0180,,59.3880514418675,17.886547093959
585398,Återvinningsstation 10111,,SLAGGEN 1,Fridhemsgatan 16,0180,,59.3237952558995,18.0021173987659
585486,Återvinningsstation 10112,,KRISTINEBERG 1:4,Geijersvägen 20,0180,,59.3325453972896,18.0115603417492
585490,Återvinningsstation 15500,,SMÖRBULTEN 1,Vantörsvägen 146,0180,,59.2759931284217,17.9824020196608
585491,Återvinningsstation 17378,,TIPPEN 2,Kvicksundsvägen  ,0180,,59.2572184129849,18.0572182720999
586756,Återvinningsstation 10032,,LAGNÖ 20,Värmlandsvägen 410,0180,,59.2445798112585,18.0790836796647
586809,Återvinningsstation 17510,,TORSÖ 3,Forshagagatan 1 ,0180,,59.2461995497953,18.0888435119825
586810,Återvinningsstation 17658,,FASTE 5,Spånga Stationsväg 39,0180,,59.3817936622278,17.9000925225689
586811,Återvinningsstation 17552,,NORRMANNEN 7,Björnsonsgatan 138,0180,,59.3488735250341,17.8799881513719
586812,Återvinningsstation 17542,,ENEN 24,Tellusborgsvägen 56,0180,,59.3018134316094,18.0053096396945
587032,Återvinningsstation 15676,,FORMEN 5,Tomtebogatan 6,0180,,59.3413901397185,18.0362336387342
587033,Återvinningsstation 10203,,BRUKSBÄRAREN 3,Skebokvarnsvägen 159 ,0180,,59.2666131834166,18.0363295917622
587039,Återvinningsstation 18001,,JÄRFLOTTA 2,Kristinehamnsgatan 60,0180,,59.2398485988955,18.099687220249
587040,Återvinningsstation 18002,,SKOGSPLANTERINGEN 4,Drivhusvägen 24,0180,,59.2883882664357,18.0760695976608
587043,Återvinningsstation 17379,,ULVSUNDA 1:1,Linta Gårdsväg 16 ,0180,,59.3481443680098,17.9499348882741
587044,Återvinningsstation 17380,,HÄSSELBY VILLASTAD 36:1,Lövstavägen 491,0180,,59.3869583452628,17.7922256559613
587054,Återvinningsstation 10173,,TEMPELRIDDARORDEN 7,Frimurarvägen 2 ,0180,,59.2892777206611,17.938810922111
587055,Återvinningsstation 10180,,ABJÖRN 15,Spångavägen 353,0180,,59.3731596246371,17.9003419713927
587074,Återvinningsstation 17377,,ENSKEDE GÅRD 1:1,Bussens Väg 2,0180,,59.2859704721803,18.0462919237894
587075,Återvinningsstation 17363,,BREDÄNG 1:2,Strömsätravägen 8,0180,,59.2858239547101,17.9377578053197
587091,Återvinningsstation 16195,,CIGARRETTEN 1,Pepparvägen 46,0180,,59.2524864694259,18.0829381583748
587247,Återvinningsstation 18004,,ENSKEDE GÅRD 1:1,Åstorpsringen 26,0180,,59.2846414101931,18.0949978787956
587341,Återvinningsstation 18006,,NORRMALM 4:58,Östra Järnvägsgatan 24,0180,,59.3338283820986,18.0544831568735
587348,Återvinningsstation 18005,,ÖSTERMALM 2:118,Artillerigatan 11,0180,,59.3335736624085,18.0805610663273
587360,Återvinningsstation 16573,,ULVSUNDA 1:1,Koloniföreningen Linnea,0180,,59.3497405291736,17.9285717309984
587433,Återvinningsstation 18007,,ÖSTERMALM 3:62,Banérgatan 9,0180,,59.3334244382135,18.0917394489286
587972,Återvinningsstation 18010,,SKARPNÄCKS GÅRD 1:1,Rusthållarvägen 155,0180,,59.2734465771415,18.1343106849628
13851,Bragevägen,,Bragevägen,Bragevägen,0181,,59.2119132122455,17.6302879143999
13852,Balticvägen,,Balticvägen,Balticvägen,0181,,59.1756533734483,17.6524543832964
13855,Kakelvägen,,Kakelvägen,Kakelvägen,0181,,59.2107615781682,17.5837033778568
13856,Ekeby,,Ekeby,Ekeby,0181,,59.2517642736369,17.5217420764873
13867,Järpstigen,,Järpstigen,Järpstigen,0181,,59.1991024199617,17.6086723268032
13871,Skolvägen,,Skolvägen,Skolvägen,0181,,59.0501949580993,17.423369489876
13872,Prästgårdsvägen,,Prästgårdsvägen,Prästgårdsvägen,0181,,59.1939656659216,17.5899520244457
13874,Mörköbron,,Mörköbron,Mörköbron,0181,,58.9892921187628,17.6235324468081
13882,Vretvägen,,Vretvägen,Vretvägen,0181,,59.0968493424269,17.5634140380542
13890,Rosenhöjdsvägen,,Rosenhöjdsvägen,Rosenhöjdsvägen,0181,,59.1998756921634,17.6520392840544
13891,Höglandsvägen,,Höglandsvägen,Höglandsvägen,0181,,59.1960255985237,17.6499586833515
13914,Trollsjövägen,,Trollsjövägen,Trollsjövägen,0181,,59.1479564382642,17.6554022459687
60390,Oxbacksgatan,,Oxbacksgatan,Oxbacksgatan,0181,,59.1955802662238,17.6221588223957
018203,Älta KLC,,Älta 10:51,Örkroken 15,0182,,59.2519899999744,18.2047100040944
12205,Landåvägen,,.,Landåvägen Vändplats,0182,,59.3172520292621,18.1696194444248
12206,Trillans tidningshus,,.,Trillans väg 1,0182,,59.3174348154607,18.1730374951043
12207,Diligensvägen 38- 72,,SICKLAÖN 14:1,Diligensvägen vändplats vid garaget 38 72,0182,,59.3155296346094,18.1730024241181
12209,Ornövägen,,ORMINGE 40:1 40:2,Ornöväen 20 34,0182,,59.3313068177966,18.2586071016742
12211,Låghus,,ORMINGE 39:1,Skarpövägen 25 -27,0182,,59.3334077750563,18.2582886993193
14570,Bussvändplan/Saltängens skola,,SICKLAÖN 40:14,Hägervägen/Tranvägen -,0182,,59.3087030739663,18.2109545588188
14571,Apportvägen,,SICKLAÖN 40:13,Apportvägen,0182,,59.3268628459188,18.2042115612876
14831,Parkeringen vid thairestaurangen,,EKNÄS 1:259,Trappvägen/Sockenvägen,0182,,59.3096527325633,18.2268621150028
14832,Lastbilsparkeringen,,ERSTAVIK 26:1,Fisksätravägen,0182,,59.2937602747228,18.250537113635
14834,Kommunens förråd/vid infartsparkeringen,,NEGLINGE 2:1,Igelbodavägen,0182,,59.288046990533,18.2789906258857
14835,Finntorps Centrum,,SICKLAÖN 40:11,Finntorpsvägen/Becksjudarvägen,0182,,59.3086686783179,18.1348664680023
15374,Rensättravägen,,KUMMELNÄS 11:118,Rensättravägen/Kummelvägen,0182,,59.3440019156432,18.2707288221577
15767,Österviks ÅVC,,NACKA ERSTAVIK 25:1,"Saltsjöbadsvägen, inf vid Östervik",0182,,59.2922767674337,18.2342764997839
15781,Lidl Nacka/Orminge,,ORMINGE 61:1,Värmdövägen 691,0182,,59.3233704147359,18.2567826197656
16540,"Kvarnholmsvägen, bredvid hotellet",,SICKLAÖN 38:1,Kvarnholmsvägen 50,0182,,59.3122701391273,18.1257735735479
16557,"Älgö, ösidan efter bron",,SOLSIDAN 2:25,Älgövägen,0182,,59.2637193576581,18.3131611023023
16747,ICA Maxi Skvaltan,,SICKLAÖN 386:5 386:6,Per Hallströms väg 2,0182,,59.3113849521221,18.1738850389654
16753,Boo KLC,,NACKA BO 1:212,Boovägen 30 vid Morkullsvägen,0182,,59.3176026909092,18.2814167917688
16890,Ältabergsvägen/Anemonvägen,,ÄLTA 10:1,Ältabergsvägen,0182,,59.2478667592316,18.1901169758964
16951,"Ektorp Centrum, vid ICA",,SICKLAÖN 40:14,Gamla Landsvägen 8,0182,,59.3117905656909,18.2025873224092
17083,Nacka Forum,,SICKLAÖN 40:14,Hörnvägen,0182,,59.3077727808769,18.1649841645848
17144,Sjökvarnsbackens vändplan,,SICKLAÖN 37:4,Sjökvarnsbacken,0182,,59.3138752708012,18.1071467213181
17283,Kvarnholmen,,SICKLAÖN 38:1,Mjölnarvägen 1,0182,,59.3149029701367,18.1335468867205
17602,Sickla köpkvarter Planiavägen,,SICKLAÖN 117:17,Planiavägen 5,0182,,59.3056412832999,18.1337050935963
17661,Blåklockansväg,,Lännersta 10:1,Blåklockans väg 2,0182,,59.3103196441387,18.2605482628312
17694,Boo Gårdsskola ,,BO 1:70,Boovägen 7,0182,,59.3089998819836,18.2849568031488
19001,Åbroddsvägen,,VELAMSUND 14:1,Åbroddsvägen 2 A,0182,,59.3505548114911,18.2905472224588
19002,Fyrspannsvägen,,SICKLAÖN 368:3,Fyrspannsvägen 10 -18,0182,,59.3147307573896,18.1666257153153
9171,Mensättrav/Värmdöv,,MENSÄTTRA 1:1,Mensättravägen/Värmövägen,0182,,59.329295388703,18.2821421116365
9173,Björknäs skola,,BJÖRKNÄS 1:315,Björknäs skolväg,0182,,59.3128286705604,18.2398521175526
9176,"ICA, Henriksdalsberget",,SICKLAÖN 37:11,Henriksdalsringen mittemot 1 -3,0182,,59.3113730728406,18.118014802913
9178,Tippens Centrum,,TATTBY 2:2,Solsidevägen/Torggatan,0182,,59.2855118758192,18.2714084419639
9183,Älta Idrottsväg 2 ,,ÄLTA 9:27,Ältavägen/Älta Idrottsväg 2,0182,,59.262856099389,18.1803031883224
9184,Kolarängen,,ÄLTA 10:1,Ältavägen/Ulvsjövägen,0182,,59.2726459794035,18.1761870813276
9186,Ekstubben Infartsparkering,,ÄLTA 27:2,Ältabergsvägen/Ältavägen,0182,,59.2511325294033,18.173866833488
99068,Kummelnäsvägen/Värmdövägen,,RENSÄTTRA 1:41,Värmdövägen/Kummelnäsvägen,0182,,59.3358572518646,18.2957512938863
15479,Milstensvägen/Ursviksvägen,,Sundbyberg 2:40,"Milstensvägen 42, bredvid aktivitetsparken",0183,,59.38361,17.95556
16105,"Gårdsvägen, mittemot 2B",,Hagalund 3:1,Gårdsvägen 2B,0184,,59.36545,18.01311
16135,"Regementsgatan, mittemot nr 50",,Järva 4:1,"Regementsgatan, mittemot nr 50",0184,,59.37589,18.00466
16158,Parkering nära korsning Östervägen/Tottvägen,,Råsunda 2:25,Östervägen 42,0184,,59.36881,17.99318
16163,Viktoriagatan 11B / Råsundavägen 27,,Hagalund 3:3,Viktoriagatan 11B,0184,,59.36351,18.01565
16170,Råsundavägen/Hasselparken,,Råsunda 3:1,Råsundavägen 138,0184,,59.36711,17.98601
12643,Baggeby torg,,Lidingö 8:169,Farkostvägen,0186,,59.35528,18.13278
191756490,"ÅVS Färjeläge Vaxholm, busshållplats, Rindö",,RINDÖ 2:256,Rindövägen,0187,,59.4043582974206,18.3666204844889
191756491,ÅVS Tynningö-bygdegården,,TYNNINGÖ 1:605,Bygdegårdsvägen 2,0187,,59.374902684722,18.4036438903494
191756492,ÅVS Resarövägen/Löjviksvägen parkering,,YTTERBY 4:583,Löjviksvägen 18,0187,,59.4250656573625,18.329202543723
191756493,"ÅVS Kullön, Naturresarvat, parkeringen",,KULLÖ 1:4,Dammvägen 2,0187,,59.4141999621718,18.3094762897912
191756494,ÅVS Pålsundsvägen/Karl Martinsväg,,VAXÖN 1:26,Pålsundsvägen 5,0187,,59.4028442993414,18.3259113869347
191756495,"LIP Ändhållplats Överby, Resarö",,ÖVERBY 29:49,Överbyslingan,0187,,59.4366237003439,18.3121053414411
191756501,ÅVS Rindö hamn,,RINDÖ 3:378,Västra Kasernvägen 1,0187,,59.3940286042966,18.4288836481915
191756502,ÅVS Blynäsvägen/Eriksövägen parkering,,VAXÖN 1:81,Snäckvägen 2,0187,,59.405610542071,18.3212289389809
191756503,ÅVS Biografen/Parkgrillen,,VAXÖN 1:81,Hamngatan 31,0187,,59.4044176877365,18.3464858629349
191756504,"LIP Lanthandel, Rindö",,RINDÖ 3:377,Rindövägen 40,0187,,59.3947260157465,18.3997125132214
13232,Hantverksvägen/N Ind. omr. infarten,,ÅVS fastighet,Hantverksvägen,0188,,59.9613933440241,18.7975067629202
15652,Häverö (utanför ÅVC),,ÅVS fastighet,Häverö återvinningscentral,0188,,60.0366719700796,18.6452730515357
17050,Görla industriområde,,ÅVS fastighet,Gösvägen 11,0188,,59.736110855503,18.6972232276539
17615,"Campus Roslagen, korsning Kaserngatan/Astrid Lindgrens gata",,ÅVS fastighet,Kaserngatan 2 c,0188,,59.7523214827966,18.6802184436351
9166114097,Görla ÅVC,,ÅVS fastighet,Sikvägen 6,0188,,59.7658296847021,18.6941766058133
14397,Märsta teater,,,Stockholmsvägen/Ringvägen,0191,,59.624033349936944,17.84890795969373
15986,Steningehöjden,,,Steningehöjdsvägen,0191,,59.62440651207625,17.79682511904021
16018,John Åkerlunds väg/Prästängarna,,,John Åkerlunds väg,0191,,59.617910590730155,17.6975789980142
16802,Ragvaldsbo Gårdsväg,,,Ragvaldsbo Gårdsväg 2,0191,,59.62706695673271,17.71938963676974
16832,Midgårdsvägen; parkering,,,Midgårdsvägen 14,0191,,59.61804139056008,17.821106942629473
17057,Skånela idrottsplan,,,Smedstorpsvägen,0191,,59.58196212610867,17.96855366902719
17075,"Skepptuna, vid bygdegården",,,Skepptuna,0191,,59.70626649099631,18.11023193401577
17136,"Frejgatan, vid vändplan",,,Frejgatan 3,0191,,59.614351955776996,17.831824835230424
17303,Steninge Slottsby,,,Steninge slottsväg 152,0191,,59.60682362311594,17.80125556786526
17333,ÅVC Voltgatan,,,Voltgatan 27,0191,,59.61743177291853,17.8657947865547
9745,Preem,,,Dragonvägen,0191,,59.62870326821001,17.851126922461738
9749,Aspvägen/Svampvägen,,,Aspvägen/Svampvägen,0191,,59.63957569723286,17.85053168668299
9751,Rosersbergs station,,,"Rosersbergsvägen 41-43, Rosersbergs station",0191,,59.583352842122615,17.880965221786486
9760,Gamla Landsvägen/Granitvägen,,,Gamla Landsvägen/Granitvägen,0191,,59.62266296626434,17.75195927159246
9762,Stora Gatan/Vibyvägen,,,Vibyvägen,0191,,59.62227307453273,17.736566288678553
2032956,ÅVS 16020  Parkering Segersäng,,SJÄLV 5:73,Segersängsvägen,0192,,59.0277470673856,17.926560192289
2110031,17212 Södertörns Ryttarcenter,,SÖDERÄNGSTORP 1:1,Söderängstorp,0192,,59.0885659432133,17.7811773949926
6998,ÅVS 15343  ÅVC Sorunda,,SUNNERBY 1:313,Väggarövägen,0192,,59.0214433391264,17.8367113058245
96625,ÅVS 9483 Vid busslingan,,GRÖDBY 8:1,Sorundavägen/Segersängsvägen,0192,,59.0536615506826,17.8699812616507
96628,ÅVS 9501 Parkeringsplats vid vändplan Backlurav.,,SLÄGGAN 2,Backluravägen,0192,,58.9103388206272,17.9330683369636
96630,ÅVS 9499 Parkeringsplats Backluravägen 11,,STAVEN 9,Backluravägen 11C,0192,,58.9139748971584,17.9395442329255
96631,ÅVS 16375 Vid Coop Parkering,,TORP 22:1,Kyrkgatan 1,0192,,59.008212678867,17.8071926161723
96633,ÅVS 9506 Marstavägen/Mariebergsvägen,,MARSTA 5:70,Marstavägen/Mariebergsvägen,0192,,58.9527794431986,17.7901795103115
96634,ÅVS 9497 Parkeringsplats // Avslutad v34 2026,,NYNÄSHAMN 2:1,Estövägen/Trollstigen,0192,,58.8957566301705,17.9282030660308
96637,ÅVS 9503  Fröjas väg/Idunvägen,,NYNÄSHAMN 2:1,Fröjas väg,0192,,58.9003867461402,17.9340479663847
96638,ÅVS 9508 Vid Torö Lanthandel,,STORBYGÅRDEN 1:229,Torövägen,0192,,58.8265430723247,17.839804680177
96639,ÅVS 9494 Hamnviksvägen/Sandskogsvägen,,NYNÄSHAMN 2:130,Hamnviksvägen/Sandskogsvägen,0192,,58.8946710893625,17.9356469068028
96640,ÅVS 9512 Parkeringsdäck Musköten,,MUSKÖTEN 1,Björn Barkmans väg,0192,,58.9884027707559,17.8971386809748
96642,ÅVS 9509 Vändplats,,"VANSTA 5:2, HALLÄNGEN 5",Ösmo centrum/Nybblevägen,0192,,58.9824657194661,17.893402091824
96646,ÅVS 9491 Odins Plan,,NYNÄSHAMN 2:1,Odins Väg,0192,,58.9033504984512,17.9357061448461
96647,ÅVS 9489 Vid parkering,,NYNÄSHAMN 2:133,Sandskogsvägen 15,0192,,58.8871465694764,17.9345920595039
96648,ÅVS 9488 Parkeringsplats,,MORKULLAN 1,Vikingavägen/Centralgatan,0192,,58.9112597136896,17.9447334113741
96649,ÅVS 9487 Vändplan,,NYNÄSHAMN 2:154,Villagatan,0192,,58.9196943916704,17.9413337882767
96651,ÅVS 9510 Värmecentral Ösmo,,VANSTA 5:2,Maria Barkmans Väg/Skyttes Väg,0192,,58.9915744420074,17.8891171782931
96658,ÅVS 9504 Heimdalsvägen,,NYNÄSHAMN 2:1,Heimdalsvägen 11,0192,,58.9044912641682,17.9384950600069
96660,ÅVS 16033 ÅVC Nynäshamn,,HARVEN 1,Åkervägen 11,0192,,58.925637971621,17.9360350415405
98715,ÅVS 12542 Parkeringsplats,,NYNÄSHAMN 2:81,Gästhamnen,0192,,58.8998934505685,17.9497918870267
14855,Skörby Skog,,,Skörbyleden/Bergsleden,0305,,59.57000854271549,17.487252470313226
14894,Dyarne,,,Sjövägen,0305,,59.558464250620574,17.534360321864344
15583,Västerskog (ÅVC),,,Industrivägen 19,0305,,59.579670208620186,17.4898010764245
16725,Frösundavik,,,Kalmareleden,0305,,59.5438542776447,17.525162670597215
17594,Gröna Dalen grusplanen,,,Badhusvägen/Runbovägen,0305,,59.564785501322255,17.52563795536016
8171,Smultronstället Närlivs,,,Kraftleden/Kalmarleden,0305,,59.56131753816054,17.510271428784772
8173,Gamla järnvägsstationen/Mickes grill,,,Stockholmsvägen 1/Jan Fridegårds väg,0305,,59.57782393547039,17.512508941529095
8175,Åsleden/Fagerdalsvägen,,,Åsleden/Fagerdalsvägen,0305,,59.58024809424586,17.51388697257413
8179,Skolhyddan,,,Vibyskola,0305,,59.54767750014737,17.505044018037307
8180,"Skokloster, Slottsskogen/Bassängen",,,Slottsskogsleden,0305,,59.69428913303127,17.60826509065991
8181,"Skokloster, Söderskogen",,,Norr Målbäcken/Lövsångarvägen,0305,,59.67903081229004,17.58480243882963
8182,"Övergran, Ridhuset",,,Ridhuset,0305,,59.63041175829948,17.484349715732606
11056,"Alsike, Alsike station",,,Björkkällevägen/Finnvretsvägen,0330,,59.757798584775706,17.762123333188796
11064,"Husby-Långhundra, Blå Wingen",,,"Bygdegården, Vackerberga 35",0330,,59.752419378687854,18.036081706890464
15827,Centralvägen Norra delen,,,Pendelparkeringen,0330,,59.7304126118213,17.785415330215386
16212,Gredelbyvägen;utanför Kretsloppsparken,,,Gredelbyvägen 25,0330,,59.73722504634533,17.800037285348793
16431,Alsike Norra/Parkering vid Brännkärrsskolan,,,Skogsgläntevägen,0330,,59.75780067868266,17.777101002950516
99180,"Ängby Park, Vändplan vid Folkets Park",,,Gredelbyleden/Apelsinvägen 75,0330,,59.72448425513508,17.775912535773845
4061355,Skyttorps brandstation,,SKYTTORP 8:2,FLISVÄGEN 2,0380,,60.077662871636,17.7391503716793
4061358,"Fålhagen, Willys",,FÅLHAGEN 1:34,NÄRA BJÖRKGATAN 4,0380,,59.8651368621082,17.6622490953112
4061365,Ekeby Coop,,FLOGSTA 39:1,KÖPENHAMNSGATAN 2,0380,,59.8509853527305,17.6059225939498
4061385,Liljefors torg Lidl,,GRÄNBY 10:1,LILJEFORS TORG 2,0380,,59.8707174378531,17.6559384164796
4061389,Lindbacken Ica,,VAKSALA-LUNDA 1:44,HAGTORPSVÄGEN 5,0380,,59.9114635398524,17.7405494805627
4061398,Luthagen Fyrisskolan,,LUTHAGEN 1:4,NÄRA GÖTGATAN 23,0380,,59.8663088640725,17.6227919296258
988324,"ÅVS 667 , bakom ICA Örsundsbro Enköping",,Örsundsbro 1:1,Enköpingsvägen 9 -11,0381,,59.7353849196537,17.311024320249
550404,Nära Ingo Tankstation,,Gammelbyn 1:70,Gammelbygatan 16,0382,,60.2598437218915,18.3649609053143
550407,Utanför Åvc Öregrund,,Öregrund 8:1,Bryggaregatan 6,0382,,60.3345351897448,18.4367669040887
550408,Torpvägen Alunda,,Marma 1:67,Torpvägen,0382,,60.0652408195899,18.0772848438366
550409,Åvc Alunda Södra Industriområdet,,Marma 1:102,Returvägen 6,0382,,60.0650338112824,18.0612313317362
550410,Sågdammsparken,,Österbybruk 1:116,Eknäsvägen,0382,,60.1968692290323,17.8999966235577
550411,Östra Industriområdet,,Films-Österby 14:3,De Geers väg 7,0382,,60.1907439843934,17.8840450818821
550412,Vid Fd Butiken,,Hargshamn 2:1,Storvägen 2,0382,,60.1703872316612,18.4620039127382
550413,Preem Uppsalavägen,,Skäfthammar 7:306,Korsbrovägen,0382,,60.1687780954053,18.1950266813887
550414,Parkeringen Vid Vårdcentralen,,Gimo 8:89,Köpmangatan,0382,,60.1719522173881,18.1847230342129
550415,Mellan Nr 11 Och 13 - Vid Ad Bildelar,,Börstil 11:1,Fabriksvägen,0382,,60.2482454085717,18.348872560906
550416,Statoil Norrskedika,,Norrskedika 2:105,Gamla vägen,0382,,60.2844199765946,18.2914485698409
550420,Ica Sjöboden Gräsö,,Gräsö 1:122,Klockarhagen 9,0382,,60.3487899436333,18.46274955476
550421,Brukshandeln Forsmark,,Forsmark 3:45,Forsmarksbruk 21 -22,0382,,60.3685061542131,18.153919372765
550422,Ekeby Bygdegård,,Rörby 2:10,Rörby 110,0382,,60.0719190039726,18.1917067398387
550423,Väddika Avfallsanläggnings Åvs,,Väddika 9:28,Väddika 310,0382,,60.1997493241577,18.2355976469999
550424,Östhammars Åvc,,Börstil 11:10,Energivägen 12,0382,,60.2496204775088,18.3549545139983
550427,Kajen Öregrund,,Öregrund 8:1,Strandgatan 1,0382,,60.3406043605572,18.4416466009306
550504,Länsökiosken,,Öregrund S:3,Sandika Parkering Svedden 1,0382,,60.3406043605572,18.4416466009306
042812085,Hackstavägen 17 (norr),,.,Hackstavägen 17,0428,,59.0563900009306,15.8752800036845
042812086,P-plats järnvägsbron (centrum),,.,Järnvägsgatan,0428,,59.0419400019364,15.8711099993281
042815614,ÅVC Vik (ÅVS),,.,Viks Återvinningscentral 1 B,0428,,59.0872199985611,15.9174999995565
042817571,Riksväg 52 nära Smedjevägen Baggetorp,,.,Smedjevägen,0428,,59.0094399974912,16.0555599945684
04286134,P-plats Konsum,,.,Bruksvägen,0428,,59.0277799989506,15.6697200066142
04286135,P-plats Campingen,,.,Hjälmargårdsvägen,0428,,59.1302800030213,15.8061099987125
04286136,"Folke Angers väg/Ekebergsvägen, Marmorbyn",,.,Ekebergsvägen,0428,,59.047220003837,16.0672199956927
04286138,Ica Supermarket Cityhallen/Tennisparken,,.,Bondegatan 9,0428,,59.0436100034394,15.8730599995134
04286142,Lastbilscentralen (LBC) (Söder),,.,Idrottsvägen,0428,,59.0383300017469,15.864719991369
04286143,"Gamla brandstationen, Lindberga",,.,Rosavillavägen,0428,,59.1244399969171,15.9863899975829
16879,NIVÅGÅNGEN / PLATÅVÄGEN,,SIGTUNA 2:249,PLATÅVÄGEN,0461,,59.045326566918,17.2944628377268
7596,BJÖRNLUNDA BUSSTORGET,,SKENDA 9:31,STATIONSVÄGEN 5,0461,,59.0640405755556,17.1598326786475
7597,"ELEKTRON, BAKOM ICA",,GNESTA 4:1,VÄSTRA STORGATAN 18,0461,,59.0495391010038,17.3061499373704
7598,ÅTERVINNINGSCENTRALEN,,VACKERBY 3:3,VACKERBY INDUSTRIVÄG 11 B,0461,,59.0550872068678,17.2936610109177
7599,STOPP MATMARKNAD,,SIGTUNA 2:251,DANSUTVÄGEN 2,0461,,59.0393129181243,17.326047413955
7600,"LAXNE, MARIEFREDSVÄGEN",,DAGA HÄRADSALLMÄNNING S:3,MARIEFREDSVÄGEN,0461,,59.1683529519719,17.1859982219447
7601,"STJÄRNHOV, BAKOM ICA",,STRANDEN 1:54,DAGAVÄGEN 13,0461,,59.0788330022394,17.011503324915
12543,ÅVC ÅLBERGA,,VIRBY 1:48,Ålbergavägen ÅVS,0480,,58.7248918456953,16.5739974327292
12546,"TRÄFFEN, FOLKETS PARK",,ISAKSDAL 1:5,Olof Palmes Väg ÅVS,0480,,58.7621268929403,17.0232600353074
14168,VRENA,,VRENABY 14:2,Herrgårdsvägen 10 ÅVS,0480,,58.8594399762688,16.7024998960307
15745,BJÖRSHULTS ÅVC,,UPPLAGET 1,Björshults avfallsanl ÅVS,0480,,58.7132661804887,16.990432709629
15940,"SPELHAGEN, LIDL",,SPÅNTEN 8,Spelhagsvägen 2 ÅVS,0480,,58.7434926238038,17.0071894153881
16246,TYSTBERGA,,NÄLBERGA 1:25,Stationsvägen 12 ÅVS,0480,,58.8481718860785,17.2381783513618
16479,"ARNÖ, ICA ARNÖ",,LÅNGSÄTTER 116,Långsättersvägen 6 ÅVS,0480,,58.7297767329909,17.0119428798154
16882,"ÖSTER, TULLPORTSGATAN",,TULLPORTEN 8,Tullportsgatan ÅVS,0480,,58.7558373667457,17.016092336104
17090,UTTERVIK,,UTTERVIK 5:274,Segelhultsvägen ÅVS,0480,,58.6200443455082,16.903460879221
17113,SVALSTA,,ANDERBÄCK 3:1,Iduns väg ÅVS,0480,,58.7422487479165,16.8534776468925
17455,ROSVALLA,,BRANDHOLMEN 1:4,Brandholmsvägen ÅVS,0480,,58.7493857679756,17.0394216908465
17525,GÄSTHAMNEN,,BRANDHOLMEN 1:1,Gert Fredrikssons väg ÅVS,0480,,58.7485636055819,17.0311591986427
17572,ÖRSTIG,,ARNÖ 1:3,Strandstuvikens Camping ÅVS,0480,,58.7130512901138,17.0047001765476
9446,BUSKHYTTAN,,BUSKHYTTAN 2:14,Koppartorpsvägen 44 ÅVS,0480,,58.6636665260215,16.9410408388907
9447,ENSTABERGA,,VITSTUGAN 1:2,Tunavägen 21 ÅVS,0480,,58.7508923974777,16.8504715345035
9448,JÖNÅKER,,LUNDA-TYBBLE 10:31,Bäckvägen 12 ÅVS,0480,,58.7434289378931,16.7221123554392
9449,"LUDGO/ASPA, RÖNNLIDEN",,LUDGO-LÖTEN 1:13,Walkers väg 11 ÅVS,0480,,58.9293941266637,17.101441919902
9450,"ÖSTER, Ö KYRKOGATAN",,ANNEBERG 11,Östra Kyrkogatan 46 ÅVS,0480,,58.7565994315122,17.0129747070867
9451,BRYNGELSTORP,,HUMLAN 7,Trillingsbergsvägen 2 ÅVS,0480,,58.7539466022124,17.0525167495469
9453,"ARNÖ, STENTORPSVÄGEN",,ARNÖ 1:3,Stentorpsvägen ÅVS,0480,,58.7130512901138,17.0047001765476
9456,VÄSTER,,SÅGAREN 9,Västra Trädgårdsgatan 50 ÅVS,0480,,58.7548418088417,17.0045603751676
9457,TESSIN,,ÖSTER 1:1,Lekvägen ÅVS,0480,,58.7505889286056,17.0267868502418
9459,HÖGBRUNN,,HÖGBRUNN 1:13,Ahlbergers väg 1 ÅVS,0480,,58.752779970042,16.9905599132557
9461,STENKULLA,,VENUS 1,Jupitervägen 8 ÅVS,0480,,58.7568835911365,17.0388380999692
9462,"OPPEBY, ICA KNUTEN",,HÄSTSKON 1,Oppeby Gård 277 ÅVS,0480,,58.7688074416941,16.9883702761691
9465,FOLKUNGAVALLEN,,SAMARITEN 1,Visornas väg ÅVS,0480,,58.7605363776895,17.0012568900666
9467,"BRANDKÄRR, ÖPPEN HAND",,GRUVFOGDEN 1,Mariebergsvägen 1 ÅVS,0480,,58.7658300241924,17.0084722700581
9468,GUSTAFSBERGS KÖPCENTRUM,,UTMÅLET 10,Gustafsbergsstigen 4 ÅVS,0480,,58.7701740766887,17.0248795506623
9469,OPPEBY TORG,,OPPEBY GÅRD 1:2,Oppeby Torg ÅVS,0480,,58.7714600857627,16.9802975354746
9473,NÄVEKVARN,,NÄVEKVARN 3:3,Mejerivägen 17 ÅVS,0480,,58.6344761827919,16.8044911336538
9474,"RUNTUNA, RUNAVALLEN IP",,ALBERTSDAL 2:1,Runtuna Bygdegård 2 ÅVS,0480,,58.8730919173839,17.0597704170717
9475,RÅBY,,RÅBY 3:13,Råby Skola 3 ÅVS,0480,,58.8703816296831,16.8925970967797
9476,SJÖSA,,VALSTA 3:4,Sjösa Industriområde 1,0480,,58.7824486516736,17.1011019845876
9477,STAVSJÖ,,STAVSJÖ 2:66,Gamla Stavsjövägen 1 ÅVS,0480,,58.7245918631015,16.4271379345344
99006,STIGTOMTA,,TÄNGSTA 1:1,Tängstavägen 2 ÅVS,0480,,58.804999903467,16.7822198905464
048212751,Brogetorp,,.,Januarivägen,0482,,59.0650000025898,16.5983300040535
048212752,Grönviksvägen,,.,Grönviksvägen,0482,,59.1563899989572,16.5036099967037
048215602,ÅVC Frutorp ÅVS,,Talja 1:5,Talja Frutorp,0482,,59.0699999987434,16.6347199957611
0482898,Kungsbackavägen,,.,Kungsbackavägen/Valstavägen,0482,,58.9041700017449,16.6458299971
0482899,Vasagatan,,.,Vasagatan 2,0482,,59.0552799976108,16.5866699912964
0482901,Lötvägen,,.,Lötvägen 9,0482,,59.0547199993554,16.6030600014831
0482902,ICA Kvantum,,.,Hantverkargatan(väg mot ICA),0482,,59.0597200000344,16.5930600070298
0482904,Amazonplan,,.,Parkgatan 2,0482,,59.0627800020562,16.5927800007852
0482906,Torsbovägen,,.,Torsbovägen 2,0482,,59.1536100038121,16.4947199970836
0482908,"Malmheden, Malmköping",,.,Förrådsgatan,0482,,59.1358299967028,16.7272199972123
0482909,Trädgårdsgatan 29,,.,Trädgårdsgatan 29,0482,,59.1319400037694,16.7255600022149
0482910,Domarvägen / Ljusnevägen,,.,Domarvägen,0482,,59.1016700030592,16.5638900086923
0482911,"Föreningsgården, Skebokvarn",,.,Sparreholmsvägen,0482,,59.0641699962648,16.7144400068746
0482912,Tempo Sparreholm,,Sparreholm 8:3,Skarvnäsvägen 7,0482,,59.0708300034122,16.8258299972339
048299218,Grusplan Variagatan,,.,Variagatan,0482,,59.055829998553,16.5763900006006
048312006,Isrinken Backavallen,,.,Prins Bertils gata,0483,,58.9833299991949,16.2019400028315
048315603,Vika Avfallsanläggning (ÅVC),,Lasstorp 4:1,Vikadeponin,0483,,59.01224025684,16.2190818787451
048315967,Fotbollsplan,,.,Kanntorpsgatan,0483,,59.0277799984937,16.4486099993668
048316921,Vid Strångsjö IP,,.,Tolenvägen,0483,,58.9011099988983,16.1886099981664
048317453,ICA Supermarket,,.,Oddergatan 9,0483,,58.9880600022189,16.1788900039597
048317606,ÅVS Värmbols IP,,.,Dalvägen,0483,,58.9897200000863,16.1580599988256
04832286,"Bieåsen, vid äldreboendet",,.,Bieåsen,0483,,59.0900000038032,16.2080599966744
04832287,Servicebutiken Björkvik,,.,Vedebyvägen,0483,,58.8394399995666,16.5150000054119
04832289,Idrottshallen,,.,Svanvägen,0483,,58.9547200023054,16.2972199980186
04832290,Ica Julitahallen,,.,Doktorsvägen,0483,,59.1497200002995,16.0686099996465
04832296,Paviljong Sveaparken,,.,Jungfrugatan/Tegnervägen,0483,,58.9913900008969,16.2158299955421
04832300,P-plats Gullvivan,,.,Fredsg./Malmg.,0483,,58.9938900015994,16.2116700018031
04832301,Tekniska Verken,,.,Margeretehillsgatan,0483,,58.9938899979715,16.1997200062799
04832303,Stora Malmsvägen,,.,Stora Malmsvägen,0483,,58.9844399982642,16.1858300084884
04832304,Sveavägen/Teatergatan,,.,Sveavägen/Teatergatan,0483,,58.9869399957543,16.2297200015885
04832309,Tempo,,.,Magasinsgatan,0483,,59.0194399971815,16.3788900013525
04836972,Vallavägen/Stockholmsvägen,,.,Vallavägen/Stockholmsvägen,0483,,58.9975000019431,16.2172200065138
670,ÅVS ICA Ekängen,670,ÖVERVÄXELN 1,Växelvägen 2,0484,,59.37306,16.55472
691,ÅVS Glömsta,691,GLÖMSTA 1:6,Västerleden ,0484,,59.40722,16.48944
10309,ÅVS Finningevägen,10309,STRÄNGNÄS 3:1,Finningevägen 3,0486,,59.36389,17.03639
10323,ÅVS Vårdcentralen,10323,STRÄNGNÄS 3:1,Urban Hjärnes Väg ,0486,,59.36722,17.02556
9010148,Horn ristippen,,Flarka 11:1,"Gamla Hycklingevägen, Horn",0513,,57.902429,15.846857
9010149,Kulla,,Kisa 1:1,"Urkhagsvägen, Kisa",0513,,57.98363,15.62168
9010150,"Leoparden, P-plats Folkets hus",,Kisa 12:2,"Enebygatan 2, Kisa",0513,,57.987094,15.639802
9010151,"Gamla vägverkstomten, Ica Supermarket",,Rimforsa 1:137,"Kalmarvägen 5, Rimforsa",0513,,58.137431,15.683937
9010152,Adlerskogs avfallsanläggning,,Adlerskog 1:3,"4 km från Kisa, väg 134 mot Åtvidaberg",0513,,57.996647,15.685452
9010153,Karlebyvägen,,Karleby 5:23,"Karlebyvägen, Kisa",0513,,57.999802,15.646271
1,Viberga Coop,,,Skäggebyvägen 27,0562,Samtliga förpackningsslag samt tidningar och batterier,58.70056,15.81944
10,Profilen,,,Profilvägen 5,0562,Samtliga förpackningsslag samt tidningar och batterier,58.70639,15.74972
11,Sonstorp,,,Örebrovägen/Grytgölsvägen,0562,Samtliga förpackningsslag samt tidningar och batterier,58.72417,15.63222
12,Hällestad,,,Örebrovägen/Kullavägen,0562,Samtliga förpackningsslag samt tidningar och batterier,58.74194,15.57361
13,Ljusfallshammar,,,G:a Örebrovägen nära Holmestorpsvägen,0562,Samtliga förpackningsslag samt tidningar och batterier,58.78528,15.50028
14,Grytgöl,,,Källgårdsvägen/Getryggen,0562,Samtliga förpackningsslag samt tidningar och batterier,58.80306,15.55444
15,Igelfors Q-Star,,,Regnavägen,0562,Samtliga förpackningsslag samt tidningar och batterier,58.84667,15.69917
16,Hävla,,,Tallbacksvägen 1,0562,Samtliga förpackningsslag samt tidningar och batterier,58.915,15.86833
17,Rejmyre,,,Tornvägen,0562,Samtliga förpackningsslag samt tidningar och batterier,58.83056,15.92972
18,Lotorp,,,Huvklintsvägen,0562,Samtliga förpackningsslag samt tidningar och batterier,58.73583,15.82278
2,Dunderbacken,,,Dunderbacksvägen 41,0562,Samtliga förpackningsslag samt tidningar och batterier,58.70944,15.81167
3,Ängslyckan,,,Södra Storängsvägen 48,0562,Samtliga förpackningsslag samt tidningar och batterier,58.70667,15.80167
4,Östermalmshallen Coop,,,Norra Storängsvägen 2,0562,Samtliga förpackningsslag samt tidningar och batterier,58.70861,15.79389
5,Östermalm ST1,,,Norrmalmvägen/Villavägen,0562,Samtliga förpackningsslag samt tidningar och batterier,58.71139,15.78528
6,Norrmalm,,,Kanalgatan,0562,Samtliga förpackningsslag samt tidningar och batterier,58.71278,15.77389
7,Nyhem,,,Oxhagsvägen 1,0562,Samtliga förpackningsslag samt tidningar och batterier,58.70139,15.77667
7038653,Viberga COOP,,HÅRSTORP 2:12,Skäggebyvägen 27,0562,,58.7011927967224,15.815560774582
7038654,Dunderbacken,,HÅRSTORP 3:110,Dunderbacksvägen 41,0562,,58.7100110324321,15.8117367153787
7038655,Ängslyckan,,ÄNGSLYCKAN 1,Södra Storängsvägen 48,0562,,58.7060739692308,15.8026619000284
7038656,Östermalmshallen COOP,,KJUSORNA 13,Norra Storängsvägen 2,0562,,58.7089508718334,15.7930197979486
7038661,Bergslagshallen COOP,,BILEN 3,Bergslagsvägen 20,0562,,58.7063359276336,15.7665691339696
8,Viggestorp,,,Fridhemsvägen/ Husarvägen,0562,Samtliga förpackningsslag samt tidningar och batterier,58.70111,15.75278
9,Bergslagshallen Coop,,,Bergslagsvägen 20,0562,Samtliga förpackningsslag samt tidningar och batterier,58.70639,15.76611
100471,ÅVS Vallastaden,,.,Paradisgatan,0580,,58.3924987388412,15.5882023523693
12039,ÅVS Industriområdet,,.,Björklundsgatan,0580,,58.4002322448166,15.5441634624157
12040,ÅVS Bussvändslinga Stabybro,,.,Gränsliden,0580,,58.433440222504,15.6836775102551
12107,ÅVS Björkeberg,,.,Björkeberg Isrinken,0580,,58.4494977080847,15.3888400703573
12116,ÅVS Hembygdsgården Vikingstad,,.,Bankebergsvägen,0580,,58.3798299721274,15.4405750262494
14980,ÅVS Pumpstationen Bestorp,,.,Sjölundsvägen,0580,,58.2305264364927,15.7349770261729
15121,ÅVS Ullstämma ÅVC,,.,Värmevägen,0580,,58.3694005448112,15.6961962069916
15287,ÅVS P-plats Pelargonian,,.,Axgränd 2,0580,,58.4126610752773,15.6360938870929
15462,ÅVS Malmen ÅVC,,Ryd 1:4,Malmenvägen 2,0580,,58.4084251915351,15.5478496411237
15463,ÅVS Gärstad ÅVC,,.,Återvinningsvägen,0580,,58.4356703424233,15.6450466246224
16174,ÅVS Torparegatan parkering,,.,Torparegatan 3,0580,,58.38144534918,15.5736443350036
17126,ÅVS Hackefors,,.,Skonbergavägen,0580,,58.3897060604271,15.6997542970966
17127,ÅVS Näckrosvägen,,.,Näckrosvägen,0580,,58.3381783491251,15.7157844007388
17128,ÅVS Alkagatan (Vasastaden),,.,Alkagatan 4,0580,,58.4204357074239,15.6155843051104
17729,ÅVS Gamla Tanneforsvägen,,.,Gamla Tanneforsvägen,0580,,58.4028119407486,15.6495415285466
2918,ÅVS Berg-Stjärnorpsvägen,,.,Stjärnorpsvägen 2,0580,,58.4828638875931,15.5219633336019
2920,ÅVS Bjärka-Säby Gårdsplan,,.,Mot mormorsgruvan,0580,,58.2698977753481,15.7478275843121
2921,ÅVS Affären Brokind,,.,Rängenvägen 26,0580,,58.2200608769488,15.6837734713369
2922,ÅVS Brunnby ICA,,.,Vallbytorpsvägen 1,0580,,58.4938413590266,15.5028105558603
2923,ÅVS Ekholmens centrum,,.,Ekholmens Centrum 4,0580,,58.3793951573448,15.6830128512385
2925,ÅVS Vid infarten,,.,Grönhögsvägen,0580,,58.4622891722157,15.6408053009327
2926,ÅVS Skiffervägen Gistad,,.,Skiffervägen 4,0580,,58.4682274999234,15.892043461875
2941,ÅVS Vändplan vid kyrka/vårdcentral,,.,Himnavägen 151,0580,,58.4278810761042,15.781131355483
2945,ÅVS Ridhuset Ånestad,,.,Ridhusgatan 1,0580,,58.386437412718,15.6499260204448
2965,ÅVS Johannelunds centrum,,.,Skogslyckegatan,0580,,58.3971796384114,15.6611865566962
2967,ÅVS ICA Skillingen,,.,Riksdalergatan 2,0580,,58.3826229489097,15.6516217012994
2972,ÅVS ICA Malmslätt centrum,,.,Allévägen,0580,,58.4132822433477,15.5207320280233
2993,ÅVS Skäggetorps centrum,,.,Skäggetorps Centrum 10,0580,,58.4267673786054,15.5832573066102
3000,ÅVS Bergdalsgatan,,.,Bergdalsgatan,0580,,58.4026454669843,15.6327492118982
3010,ÅVS Cloettavallen,,.,Evastigen,0580,,58.5068034286843,15.5031005232808
3013,ÅVS Förskolan Maspelösa,,.,Maspelösa 7,0580,,58.4920318986009,15.4224725135249
3014,ÅVS Pumpstationen Nykil,,.,Pumpstationen Nykil,0580,,58.2850856875783,15.4348290806629
3017,ÅVS Idrottsplatsen Uddevallen,,.,Sofielundsvägen,0580,,58.2904662714461,15.5622115509573
3030,ÅVS Affären,,.,Gammakilsvägen,0580,,58.1259753013295,15.4332183022462
3032,ÅVS Trådgatan,,.,Trådgatan 1,0580,,58.3863723655747,15.4334404541434
3034,ÅVS Idrottsplatsen Västerlösa,,.,Spärringevägen,0580,,58.4215993468858,15.3393212123077
99049,ÅVS Folkets Park Kupolen,,.,Malmslättsvägen Valla,0580,,58.4073401073876,15.5888635857395
99054,ÅVS Maxi stormarknad öster Tornby,,.,Grytstorpsgatan,0580,,58.4315116519979,15.5939557004594
11971,Kvartsvägen Bråstorp,,Bråstorp 1:8,Kvartsvägen,0583,,58.558075,15.037386
14487,Mariebergsskolan,,Råssnäs 2:28,Agneshögsgatan,0583,,58.539425,14.996992
14908,Grusparkeringen-Österstad ,,Österstad 6:71,Allévägen,0583,,58.517523,15.177127
16357,Charlottenborg(nära Ica),,Charlottenborg 2:10,Ekenäsvägen/Strandvägen,0583,,58.541524,15.066982
16502,Industrigatan (sporthallen),,Innerstaden 1:331,Industrigatan 8,0583,,58.541026,15.052644
16780,Ica Nära,,Fornåsa 11:37,Industrivägen 2,0583,,58.477765,15.225495
3538,"Östensson, Borensberg",,Brunneby-Hälla 1:297,Hamnvägen,0583,,58.562358,15.277112
3539,"Vid ÅVC:n, Borensberg",,Olivehult 10:99,Tjällmovägen 1,0583,,58.56869,15.270623
3543,"Norra Hökarvägen, Godegård",,Unna 1:57,Godegård,0583,,58.539382,15.016508
3545,"Hockeyrinken, Klockrike",,Tororp 1:35,Helge Björns väg,0583,,58.498284,15.334632
3550,Södergården,,Holm 6:20,Holmsvägen 6,0583,,58.529633,15.052026
3552,Motala verkstad (Borenshult),,Innerstaden 1:215,Linjegatan,0583,,58.557121,15.072263
3560,Pumpstationen,,Nykyrke 5:1,G:a Godegårdsvägen,0583,,58.619503,14.977399
3561,"Olsvägen, Tjällmo",,Råcka 1:1,Tjällmovägen,0583,,58.71513,15.360949
11100,Ekdungen,,Västerlösa 2:1,Sågarevägen,0584,,58.382057,14.697496
11107,Cirkusplatsen,,Vadstena 3:2,Pilgrimsvägen,0584,,58.444644,14.903598
11109,Utanför nya ÅVC Tegellöten,,Tegellöten 1:1,Tegellöten 107,0584,,58.45796,14.934024
99211,Gamla Vägverket,,Kalkbrottet 1,Hovsvägen,0584,,58.439074,14.895969
17102,Pilkällevägen 1,,SYA 7:2,Pilkällevägen 1,0586,,58.33495548111084,15.227596395862612
9127,Korsningen Riksvägen/Trumpetarevägen,,FALL 1:1,Trumpetarevägen 1,0586,,58.348114530652985,15.276554189356814
7021,Mittemot tennisbanan,,7021,Hullarydsvägen/Svetsargatan,0604,,57.93333,14.81944
5058,Högabergsgatan,,8292,Högabergsgatan/Dunkehallavägen,0680,,57.78639,14.14028
5059,Lovisagatan,,8296,Lovisagatan,0680,,57.76694,14.13944
5066,Anders Blomstrands väg (Netto),,13195,Anders Blomstrands väg,0680,,57.80083,14.14944
5067,Rosenbergsg,,13196,Rosenbergsgatan 10,0680,,57.77944,14.19417
5069,Älgstigen,,13199,Älgstigen 1,0680,,57.75611,14.15222
5079,ICA Maxi,,14807,Herkulesvägen,0680,,57.77,14.17639
5089,Samsetrondellen,,15968,Samsetgatan,0680,,57.78639,14.11722
16030,"Boda tippen, ÅVC",,16030,Fredriksdalsvägen,0682,,57.63722,14.6575
9514,Stationsgatan,,9514,Stationsgatan 16,0682,,57.50361,14.69333
9515,Bakom möbelaffären,,9515,Karsåsvägen,0682,,57.5075,14.69667
9538,Älgövägens Vändplan,,9538,Älgövägen,0682,,57.58028,14.81556
14573,"Värnamo, Expovägen",,14573,Expovägen,0683,,57.17333,14.06389
147924,Nära McDonalds,,Stensåkra 3:5,Stens väg,0685,,57.4153874167585,15.0929194256597
15797,ICA Supermarket,,15797,Prästgatan 4,0686,,57.66583,14.97611
57536,Ingatorps Återvinningscentral,,57536,Eksjövägen 1,0686,,57.659514,14.996894
10810,Ica Nära,,10810,Jönköpingsvägen 66,0687,,57.989332,14.849657
14896,Marknadsplatsen/hållplats,,14896,Marknadsplatsen,0687,,58.012793,14.667907
14897,Lindängsvägen,,14897,Lindängsvägen,0687,,57.975558,14.801245
17459,Marknadsplatsen/hållplats,,14896,Marknadsplatsen,0687,,58.012793,14.667907
17460,Lindängsvägen,,14897,Lindängsvägen,0687,,57.975558,14.801245
5167,Ica Nära,,10810,Jönköpingsvägen 66,0687,,57.989332,14.849657
5168,Sommen Mossebogatan,,10812,Mossebogatan,0687,,58.139668,14.965477
5169,Tranås Skyttegatan IP,,10814,Skyttegatan IP,0687,,58.033687,14.958442
5170,Tranås Parkvägen P-plats Folkets Park,,10815,Parkvägen P-plats,0687,,58.032653,14.983688
5171,Tranås Beckhemsvägen,,10820,Beckhemsvägen,0687,,58.047083,14.970717
5173,Tranås Toståsvägen vid Sveagatan,,10822,Toståsvägen vid Sveagatan,0687,,58.018343,14.962113
5174,Tranås Östra Järnvägsgatan,,10823,Östra Järnvägsgatan,0687,,58.03666,14.975042
5176,Norrabyvägen,,14795,Norrabyvägen 2,0687,,58.047655,14.982563
5177,Rundelgatan,,14796,Rundelgatan,0687,,58.036267,14.995318
95767,Ekevägen 3,HJORTSBERGA,Brändekvarn 1:32,Ekevägen 3,0764,Kontakt: Södra smålands avfall och Miljö  (på uppdrag av Alvesta renhållnings AB) 0470-599500  info@ssam.se,56.91617946,14.45736115
95776,Äskya återvinningscentral,Älmhult,Äskya 1:27,Äskya Tippen 1,0765,Kontakt: Södra smålands avfall och Miljö  0470-599500  info@ssam.se,56.56089226,14.16405096
95494,Lammhult ÅVC,Lammhult,Holmsryd 1:8,Asavägen,0780,Kontakt: Södra smålands avfall och Miljö  0470-599500  info@ssam.se,57.17117093,14.62835176
95511,Furumovägen,SANDSBRO,Gårdsby-Tofta 15:2,Furumovägen,0780,Kontakt: Södra smålands avfall och Miljö  0470-599500  info@ssam.se,56.91415932,14.85635784
95657,Stationsområdet vid Elinge 8:2 Hamneda,Hamneda,Elinge 13:1,Marknadsvägen,0781,Kontakt: Södra smålands avfall och Miljö (på uppdrag av Ljungby kommun) 0470-599500  info@ssam.se,56.69229349,13.86817099
95659,"P-plats Torg 13:1, Lagan",Lagan,Torg 14:31,Parkgatan - Föreningsgatan,0781,Kontakt: Södra smålands avfall och Miljö (på uppdrag av Ljungby kommun) 0470-599500  info@ssam.se,56.91564388,13.98624568
95661,Ica Maxi,Ljungby,Violen 10,Drottninggatan 36,0781,Kontakt: Södra smålands avfall och Miljö (på uppdrag av Ljungby kommun) 0470-599500  info@ssam.se,56.83480524,13.94552792
95666,Göthbergs väg,VITTARYD,Torset 5:31,Göthbergs väg,0781,Kontakt: Södra smålands avfall och Miljö (på uppdrag av Ljungby kommun) 0470-599500  info@ssam.se,56.96992823,13.95063262
95777,"Endast glas, Dörarp 5:38",Dörarp,Dörarp 5:38,Färsjövägen,0781,Kontakt: Södra smålands avfall och Miljö (på uppdrag av Ljungby kommun) 0470-599500  info@ssam.se,56.9881705410375,14.0025503650722
304844,Allgunnen,,.,Allgunnen,0821,,57.0627289679375,15.9933802602206
304845,Åsevägen,,.,Åsevägen,0821,,57.2158825036435,16.0325480544883
304846,Stationsvägen Reningsverket ,,.,Stationsvägen,0821,,57.145035525631,15.6644755304191
304847,Nygatan Pumpstationen ,,.,Nygatan,0821,,57.20731344494,15.8520888127933
304848,Lindvägen Busstation vägkorset,,.,Lindvägen,0821,,57.0750451446497,15.7358127823417
304849,Järnvägsgatan Trafikterminalen ,,.,Järnvägsgatan,0821,,57.1669817887946,16.0260900407956
304850,Långemåla Kyrkgatan järnvägsplan ,,.,Kyrkgatan,0821,,57.0767040878161,16.1696901707243
304851,Kolsrum ÅVC,,.,Kolsrum ÅVC,0821,,57.1592798479246,16.0056962178714
304852,Järnvägsgatan-Kanalgatan,,.,Järnvägsgatan,0821,,57.1086569716382,16.1165032929299
304853,Storgatan Godsmagasinet,,.,Storgatan,0860,,57.4890247184418,15.8454080305007
304854,Nytorpsvägen,,.,Nytorpsvägen,0860,,57.5014726560154,15.8314423064872
304855,Silverslätten Pistolgränd,,.,Pistolgränd,0860,,57.5034346413949,15.8556318547402
304856,Snickaregatan,,.,Snickaregatan,0860,,57.4947839513996,15.8299538930664
304857,Västra Långgatan Polishuset P-plats ,,.,Västra Långgatan,0860,,57.4860428558234,15.8417835663482
304858,Industrivägen utmed järnvägen,,.,Industrivägen,0860,,57.4077879934635,15.6232255858941
304859,Atlantvägen,,.,Atlantvägen,0860,,57.3877450492918,15.8051712342822
304860,Kyrkvägen-Blockvägen P-plats,,.,Kyrkvägen Blockvägen,0860,,57.3198867363587,15.8608456800392
304861,Furuängsvägen P-plats,,.,Furuängsvägen,0860,,57.3198802090784,15.8701669914015
304862,Häradsvägen,,.,Häradsvägen,0860,,57.3665662605514,15.8372540004607
304863,Parkvägen Idrottshallen,,.,Parkvägen,0860,,57.5420861199099,15.743923178145
304864,Kristdalavägen,,.,Kristdalavägen,0860,,57.5221247177684,15.967471214624
304865,Krokvägen Kompostgården,,.,Krokvägen,0860,,57.3245740948774,15.5856018688588
304866,Kejsarkullen ÅVC,,.,Kejsarkullen ÅVC,0860,,57.4282994554182,15.8145457559408
212064,Idrottsgatan Mönsterås,,.,Idrottsgatan/Parkgatan,0861,,57.048978284491,16.4391408304256
147816,Kalmarsundsparken - Långviken,,Stensö 2:6,Kalmarsundsparken - Långviken,0880,,56.6529719740745,16.3376071263648
147823,Parkering vid Coop,,Giraffen 26,Verkstadsgatan,0880,,56.6703391566294,16.333292672745
147824,Skeppsbron - Kom snart igen,,Kvarnholmen 2:6,Skeppsbron - Kom snart igen,0880,,56.6621675958101,16.3673014423877
147959,Stengatan 19 A,,Sidensvansen 7,Stengatan 19 A,0882,,57.2593494880768,16.4420899864263
11373,Folkets Hus Parkeringen,Ankarsrum,Ankarsrum 1:64,Parkvägen,0883,,57.70306,16.3325
11374,Lekplatsen,Björnsholm,Harg 1:9,Björnsholmsvägen,0883,,57.95111,16.43889
11376,Sporthallen,Blankaholm,Blanka 1:185,Talluddsvägen,0883,,57.59,16.52167
11377,Ställverksgatan,Edsbruk,Ed 1:94,Ställverksgatan,0883,,58.01639,16.47417
11378,Gamleby Åvc,Gamleby,Gamleby 2:1,Västra Ringvägen ,0883,,57.88822,16.394021
11379,P-plats Köpcentrum,Gamleby,Gamleby 2:1,Bondevägen,0883,,57.89889,16.39806
11381,Hantverksplan,Gamleby,Gamleby 2:1,Varvsgatan,0883,,57.89944,16.41083
11385,Ankarsrumsvägen,Hjorted,Nynäs 1:165,Ankarsrumsvägen,0883,,57.62222,16.30583
11386,Loftahammar ÅVC,Loftahammar,Tångered 2:98,Grönhagen,0883,,57.911755,16.69083
11387,Stora planen,Loftahammar,Tångered 2:98,Bjursundsv/Sandbyhovsvägen,0883,,57.90222,16.69083
11391,Centrum vid affären,Totebo,Totebo 1:135,Studievägen,0883,,57.63139,16.18389
11392,Lanthandel,Ukna,Tjustad 1:20,Åtvidabergsvägen 2,0883,,58.08028,16.35361
11400,Röda korsets P-plats,Västervik,Ludvigsborg 6,Esplanaden,0883,,57.75167,16.64194
11407,Riksbyggens P-plats,Västervik,Slagfjädern 9,Skyttegatan,0883,,57.74056,16.64167
11411,Coop Västervik Allén,Västervik,Infarten 8,Edsholmsgatan 17,0883,,57.75972,16.61639
11413,Stenhamra,Västervik,Västervik 4:13,Norra Strandvägen,0883,,57.76222,16.63361
12400,Folkparksvägen,Västervik,Rullstenen 6,Folkparksvägen,0883,,57.76361,16.60222
15388,Målserums ÅVC,Västervik,Västervik 3:115,Lunnargatan 25,0883,,57.77417,16.58361
16952,Centrumvägen,Gunnebo,Gunnebo 13:9,Centrumvägen/Veterangatan,0883,,57.72167,16.52944
16972,Vid ÅVC Överum,Överum,Överum 11:4,Plogsvängen 6,0883,,57.99028,16.29083
17371,Helgenäs Hamn,Edsbruk,Helgenäs Hamn 1:1,Helgenäs Hamn ,0883,,57.99639,16.49556
11261,ÅVS Idrottsplats/Bygdegårds p-plats,Frödinge,FRÖDINGE 12:6,Västerviksvägen/Idrottsvägen Frödinge,0884,,57.7025,16.00833
11262,ÅVS Handlarn,Gullringen,ÖRSÅSA 1:133,Centrumgatan Gullringen,0884,,57.79972,15.71472
11263,ÅVS Hembygdsparken,Rumskulla,RUMSKULLA 1:1,Mariannelundsvägen Rumskulla,0884,,57.67583,15.59361
11264,ÅVS Storebrohallen,Storebro,SJUNDEKVILL 1:193,Vimmerbyvägen/Örngatan Storebro,0884,,57.58778,15.84222
11265,ÅVS Industrigatan,Södra Vi,VI 64:15,Industrigatan Södra Vi,0884,,57.73972,15.79528
11266,ÅVS Stationsgränd,Tuna,TUNA 1:57,Stationsgränd Tuna,0884,,57.57611,16.10389
11268,ÅVS Badhusgatan,Vimmerby,VIMMERBY 3:3,Badhusgatan Vimmerby,0884,,57.66722,15.84472
11269,ÅVS Furan,Vimmerby,BOKEN 6,Prästgårdsgatan/Furugatan Vimmerby,0884,,57.67361,15.8575
11270,ÅVS Folkets Park,Vimmerby,VIMMERBY 3:3,Lundgatan/Hällebackavägen Vimmerby,0884,,57.66361,15.87694
11271,ÅVS Stenbergsgatan/Lundgatan,Vimmerby,VIMMERBY 3:3,Stenbergsgatan/Lundgatan Vimmerby,0884,,57.67889,15.86306
14996,ÅVS ICA Supermarket,Vimmerby,SLAKTAREN 6,Falkängsgatan Vimmerby,0884,,57.66361,15.85472
15393,ÅVS Vimmerby Återvinningscentral,Vimmerby,VIMMERBY 3:1,Snokebovägen 410 Vimmerby,0884,,57.69389,15.87667
4343259,Bredsättra,,BREDSÄTTRA 5:14 100919,Håpvägen 2 ,0885,,56.8435356154181,16.7948044689667
4343260,Byxelkrok,,BYXELKROK 1:1 101040,Neptunivägen 9 ,0885,,57.328152675103,17.0078196683301
4343261,Böda,,BÖDA 1:25 101091,Gamla Landsvägen 28 ,0885,,57.2420297974477,17.0617285956791
4343262,Föra,,FÖRA S:4 113522,Föra 88 ,0885,,57.0141521716378,16.8653207491813
4343263,Källa,,VI 3:6 113522,Wij 3 ,0885,,57.1199496389176,16.9638312500572
4343264,Löt,,PALMELUND 4:9 113522,Bygdegårdsvägen 2 ,0885,,56.9169598982552,16.8378600203642
4343267,Löttorp,,LÖTTORP 3:45 113522,Idrottsvägen 16 ,0885,,57.1669460936567,16.9979070327808
4343269,Runsten,,SPJUTTERUM 9:2 113522,Spjutterumsvägen 50 ,0885,,56.6949439799043,16.6787102450278
4343270,Rälla,,HÖGSRUM 5:134 113522,Gullvivevägen  ,0885,,56.7723238315503,16.5815693442247
4343272,Sandvik,,STENNINGE 4:6 113522,Östra Alvarvägen 27 ,0885,,57.0772604410065,16.8588634080529
4343273,Köpingsvik,,TINGS ENE 1:14 113522,Köpingevägen  ,0885,,56.8818258060559,16.72146724868
4343274,Borgholm,,SMÖRBLOMMAN 24 113522,Hammarvägen 10 ,0885,,56.8801241595467,16.6691649329783
4343275,Böda ÅVC,,MELLBÖDA 23:4 113522,Mellbödagatan 122,0885,,57.230885678745,17.064401756892
4343317,Kalleguta ÅVC,,KÖPINGE 1:86 113522,Kalleguta Bygata 21 ,0885,,56.8837969802205,16.791515324781
15530,ICA Atterdags,,,Söderväg 8,0980,,57.633411256932604,18.2890518563989
15841,ICA Sudrets Livs,,,Stora vägen 30,0980,,57.1609035849317,18.3345886073969
11,"Långö LIP, Långöbron",,Långö 1:2,Östra strandgatan,1080,,56.174587,15.58516
15304,ID 15304,,ID 15304,Silos,1214,,55.92611,12.95639
185089,ÅVS Posten,Åkarp,Åkarp 4:2,Dalslundsvägen,1231,Kontakt: VA SYD 040-635 10 00 kund@vasyd.se,55.6536100007579,13.1127799979286
52090771,15022 (Järnvägsgatan),,BILLESHOLMS GÅRD 1:192,Järnvägsgatan,1260,,56.053838233973,12.9767090417918
52090784,17585 (Spannmålsgatan 18),,ELESTORP 6:71,Spannmålsgatan 18,1260,,56.0027806644272,12.9543656898293
52090809,15675 (Verkstadsgatan 7),,BJUV 3:55,Verkstadsgatan 7,1260,,56.0757468544124,12.9346101128144
221673,"Sandstensgatan Lomma, Konsum vid vårdcentralen ",Sysav 040-6351800 kundservice@sysav.se,,Sandstensgatan    ,1262,Sysav 040-6351800 kundservice@sysav.se,55.67417,13.06972
11948,ÅVS Bingsmarken,,,Bingsmarkens camping,1264,,55.38639,13.50028
12823,ÅVS Slimminge,,,Slimminge,1264,,55.50722,13.54861
16851,ÅVS Rydsgård,,,Lars Mårtens väg,1264,,55.47389,13.59167
17472,ÅVS Västergatan,,,Västergatan,1264,,55.47889,13.49444
17530,ÅVS Skurup ÅVC,,,Elleholmsvägen,1264,,55.48639,13.51389
17587,ÅVS Norra industrigatan,,,Norra industrigatan / Renhållningsgatan,1264,,55.488359,13.492043
9830,ÅVS Skivarp,,,Tores Allköp/ICA Nära,1264,,55.42361,13.56889
9831,ÅVS Spetsgatan,,,Spetsgatan / Skjutbanevägen,1264,,55.4875,13.50139
9832,ÅVS Saritslövsvägen,,,Saritslövs förskola,1264,,55.47222,13.49611
9838,ÅVS Tånebro,,,Tånebro,1264,,55.45028,13.59
9840,ÅVS Västra Vemmenhög,,,Västra Vemmenhög,1264,,55.42722,13.47028
16813,"ÅVS Sjöbo, Elefanten",,Elefanten 22,Tegelgatan 10,1265,,55.6325309,13.7003849
9769,ÅVS Bjärsjölagård,,Bjärsjölagård 1:144,Fodergatan 1,1265,,55.7237718,13.6891958
9770,"ÅVS Blentarp, Tempo",,Blentarp 9:34,Gamla Vägen 3,1265,,55.5826619,13.6024703
9774,ÅVS Återvinningscentralen,,Omma 2:50,Returvägen 5,1265,,55.645112,13.6809847
9776,"ÅVS Sjöbo, Sandåkravägen",,Sjöbo 6:119,Sandåkravägen 1,1265,,55.6414027,13.712851
9779,"ÅVS Sövde, Hemvärnsgården/kyrkan",,Sövde 34:43,Sövdeborgsvägen 28 C,1265,,55.5851548,13.6722168
9780,ÅVS Vollsjö,,Häggen 14,Storgatan 31,1265,,55.7054882,13.7885465
99005,ÅVS Vanstad,,Vanstad S:12,Stora Vanstadvägen 591 -1,1265,,55.6200448,13.8638138
108159,3001 ASKERÖD,,ASKERÖD 5:1,ASKERÖD 1089,1266,,55.7589631691103,13.5927231801493
108160,3008 ÖSTRABY,,ÖSTRABY 10:61,MÖLLAGÅRDEN,1266,,55.7551825214522,13.6947316027377
108161,3007 ÖNNEKÖP,,ÖNNEKÖP 5:40,SIMONS VÄG 5,1266,,55.7876570541814,13.8716404936434
108162,3005 SVENSKÖP,,KILLHULT 1:72,SVENSKÖP 6209,1266,,55.8753692012862,13.8620331629725
108165,3003 HÖRBY VÅRDCENTRAL,,HÖRBY 44:4,RÅBYVÄGEN,1266,,55.8461655067757,13.671111975043
108166,3004 HÖRBY SKOMAKAREGATAN,,HÖRBY 45:1,SKOMAKAREGATAN,1266,,55.8452917271934,13.6568470490475
108168,3006 SÖDRA RÖRUM,,SÖDRA RÖRUM 1:1,SÖDRA RÖRUM HÄGLINGEVÄGEN,1266,,55.9238894517666,13.6706459671026
108213,3002 HÖRBY KONSUM,,HEDENLUNDA 2,SLAGTOFTAVÄGEN 24,1266,,55.8555432060373,13.6632991710045
122235,3009 LUDVIGSBORG,,RÖINGE 3:265,KVARNDAMMSVÄGEN,1266,,55.9105523814494,13.6015081465882
131319,3010 HÖRBYS ÅVC,,HÖRBY 43:47,STAVRÖD 5050,1266,,55.8641630941047,13.7004270746531
108199,2002 TJÖRNARP,,GUNNARP 8:21,LANDSVÄGEN,1267,,55.9989203704573,13.6286729687131
108200,2005 SÄTOFTA,,SÄTOFTA 18:10,NYBYVÄGEN 28,1267,,55.9049135557287,13.542987914916
108215,2001 HÖÖR CITYGROSS,,HOLMA 1:21,MARKNADSVÄGEN 2,1267,,55.9503435778477,13.5617816266549
108264,2003 SNOGERÖD,,SNOGERÖD 2:56,HAVREVÄGEN,1267,,55.8398329537474,13.4950061119749
131320,2004 HÖÖR ÅVC,,SÅGEN 1,VERKSTADSGATAN 3,1267,,55.9391704107918,13.554574646933
14113,ÅVS Tomelilla ÅVC id14113,,ÅVS Tomelilla ÅVC id14113,"Gladanleden 2, Tomelilla",1270,,55.5472412485859,13.9700308444983
16860,ÅVS Spjutstorp id 16860,,ÅVS Spjutstorp id 16860,"Simon Simonssons v, Spjutstorp",1270,,55.582148623291,14.016559131844
5519,ÅVS Brösarp id 5519,,ÅVS Brösarp id 5519,"Gullvivevägen, Brösarp id 5519",1270,,55.7237446653066,14.107335801968
5520,ÅVS Eljaröd id 5520,,ÅVS Eljaröd id 5520,"Sjöhusavägen, Eljaröd",1270,,55.6975364403302,14.0369546448216
5521,ÅVS Lunnarp id 5521,,ÅVS Lunnarp id 5521,"Kverrestadsv 25, Lunnarps IP",1270,,55.5394471248569,14.0431988303685
5522,ÅVS Onslunda id 5522,,ÅVS Onslunda id 5522,"Lantmannavägen 51, Onslunda",1270,,55.5992398743825,14.052720671623
5523,ÅVS Sk Tranås id 5523,,ÅVS Sk Tranås id 5523,"Helgonavägen, Sk Tranås",1270,,55.6147725584983,13.9934813998318
5524,ÅVS Smedstorp id 5524,,ÅVS Smedstorp id 5524,"Tjustorp 2:28, Gårdlösav",1270,,55.5496614222092,14.1150471531881
5527,ÅVS ICA Tomelilla id 5527,,ÅVS ICA Tomelilla id 5527,"Banmästaregatan, Tomelilla",1270,,55.5462807237335,13.9467760926302
52090776,15658 (Gasverksvägen 1),,NSR ÅVC ÅSTORP,Gasverksvägen 1,1277,,56.1373983751571,12.9141464181523
52090773,537 (Musterivägen 4),,BÅSTAD 109:2,Musterivägen 4,1278,,56.4256666858744,12.8495152317854
52090774,545 (Kattviksvägen 571),,HAGA 7:2,Kattviksvägen 571,1278,,56.4626445034197,12.7542748985295
52090777,536 (Prästlidens Parkering),,BÅSTAD 109:49,Prästlidens Parkering,1278,,56.4338046886988,12.8295028783084
52090778,554 (Gnejsvägen 5),,ÖSTRA KARUP 6:7,Gnejsvägen 5,1278,,56.4253255113069,12.9397414112897
52090783,550 (Litorinavägen/Kaptensgatan),,BÅTSMANSÄNGEN 3,Litorinavägen/Kaptensgatan,1278,,56.4228703274599,12.6304978207883
52090791,541 (Grusåsvägen 1),,HÅLARP 4:179,Grusåsvägen 1,1278,,56.3879736969045,12.7735119749411
52090805,543 (Karupsvägen),,HEMMESLÖV 45:1,Karupsvägen,1278,,56.4329640202476,12.8893471974837
52090806,539 (Färgerivägen 2 B),,FÖRSLÖV 26:2,Färgerivägen 2 B,1278,,56.3495003268105,12.8196930914264
52090807,544 (Svenstadsvägen 375),,HOV 2:6,Svenstadsvägen 375,1278,,56.4348240324143,12.7297095170599
52090808,547 (Segelstorpsvägen 18),,ÄNGELBÄCK S:1,Segelstorpsvägen 18,1278,,56.3570159526683,12.7449651320516
185096,ÅVS Hästhagens IP,Malmö,Innerstaden 10:14,Fågelbacksgatan 9,1280,Kontakt: VA SYD 040-635 10 00 kund@vasyd.se,55.6013284488053,12.9865437199119
185105,ÅVS Beijers park,,Glidflygplanet 1,Calle Ljungbecks gata 121,1280,,55.6086805,13.0542097
185124,ÅVS Maxi Toftanäs,Malmö,Halvljuset 1,Topplocksgatan 10,1280,Kontakt: VA SYD 040-635 10 00 kund@vasyd.se,55.5976709295397,13.0974092076625
185134,ÅVS Västa Hamnen,Malmö,Hamnen 33:1,Stora Varvsgatan 17,1280,Kontakt: VA SYD 040-635 10 00 kund@vasyd.se,55.6105600036722,12.9786100014945
12281,Återvinningsstation Pumpvägen Dalby,,Semaforen 1,Pumpvägen,1281,,55.6593717654081,13.3432907360403
12733,Återvinningsstation Drakskeppsvägen Lund,,Linero 1:9,Drakskeppsvägen,1281,,55.698972899875,13.2325078398428
14125,Återvinningsstation Omvägen Genarp,,Kärrvallen 3,Genarp,1281,,55.6065181093165,13.39482860467
14996,Återvinningsstation Gästgivarevägen Lund,,Norra Fäladen 2:12,Gästgivarevägen,1281,,55.727021536386,13.2109685424299
16135,Återvinningsstation Hällestad Dalby,,Hällestad 8:139,Hällestad,1281,,55.6755281346115,13.4132024647055
17027,Återvinningsstation Kalkstensvägen Lund,,KALKSTENEN 8,Kalkstensvägen,1281,,55.6891121154759,13.219489941646
21445,Återvinningsstation Nöbbelövsvägen Lund,,Nöbbelöv 24:1,Nöbbelövsvägen,1281,,55.725127507378,13.1808354323111
22720,Återvinningsstation Revingeby Södra Sandby,,Revinge 24:11,Revingeby,1281,,55.7260555358823,13.461949979763
23847,Återvinningsstation OKQ8 Södra Sandby,,OKQ8 Macken 1,Sandby,1281,,55.7179471638121,13.3306543020586
26752,Återvinningsstation Stångby Lund,,Vallkärra 11:2,Stångby,1281,,55.7515312621199,13.1966845974634
28016,Återvinningsstation Traktorvägen Lund,,Plogen 1,Traktorvägen 18,1281,,55.7199847969831,13.1564352970795
28695,Återvinningsstation Ulrikedalsvägen Lund,,ULRIKEDAL 1,Ulrikedal,1281,,55.6983640357605,13.2055587792595
29303,Återvinningsstation Norra Järnvägsgatan Veberöd,,TRAVERSEN 8,Norra Järnvägsgatan,1281,,55.6369296213676,13.4926075750854
31606,Återvinningsstation Östratorns Byväg Lund,,Östra Torn 27:7,Östratorns Byväg,1281,,55.7101449562851,13.2229461555121
42246,Återvinningsstation Stadsparkgatan Lund,,INNERSTADEN 3:32,Stadsparksgatan,1281,,55.6995410773272,13.1812644801484
42354,Återvinningsstation Annedalsvägen Lund,,VÄSTER 7:1,Annedalsvägen,1281,,55.7138565973457,13.167457723355
16790,Idrottsplatsen ID 16790,,Idrottsplatsen ID 16790,Aspavägen,1282,,55.93333,12.86806
52085549,ÅVS NSR återvinningscentral (Välavägen 222),,VÄLA 7:9,Välavägen 222,1283,,56.0802918246578,12.7702856690763
52090768,12848 (Jordgubbsgatan),,VÅRBRÄCKAN 1,Jordgubbsgatan,1283,,56.0287292046844,12.8077653440391
52090769,17463 (Toftagatan),,ÖDÅKRA 12:2,Toftagatan,1283,,56.1000769034708,12.7446983556729
52090770,17320 (Ryavägen 64),,KVISTOFTA 3:23,Ryavägen 64,1283,,55.9623833395491,12.8475078345814
52090772,17586 (Kardemummagatan),,GANTOFTA 3:1,Kardemummagatan,1283,,55.9853501294166,12.8033334142703
52090789,17316 (Rallaregatan 4),,KATTARP 13:35,Rallaregatan 4,1283,,56.1409315454229,12.7789340637931
52090798,17322 (Landskronavägen 773),,KATSLÖSA 17:4,Landskronavägen 773,1283,,55.9645355465114,12.7900160460563
52090804,17318 (Södra Torggatan 10),,HASSLARP 4:2,Södra Torggatan 10,1283,,56.1360020005077,12.815473767301
52090775,17366 (Verkstadsgatan 9),,TJÖRRÖD 6:11,Verkstadsgatan 9,1284,,56.2138508602251,12.5548414915598
52090785,8225 (Eleshultsvägen),,ELESHULT 1:6,Eleshultsvägen,1284,,56.2400991899624,12.5425664660996
52090786,8224 (Kullabergsvägen 55),,KRAPPERUP 19:1,Kullabergsvägen 55,1284,,56.2820396372827,12.5034944098865
52090787,17351 (Bagerigatan 5),,KAKTUSEN 32,Bagerigatan 5,1284,,56.2011711450106,12.5645789416624
52090788,8228 (Rättarevägen 132),,LERBERGET 49:707,Rättarevägen 132,1284,,56.1758817036905,12.5637287584078
52090790,16138 (Rälsvägen 5),,MJÖHULT 1:110,Rälsvägen 5,1284,,56.1771443421951,12.6795032011356
52090792,8221 (Ingelsträde Byaväg 11),,INGELSTRÄDE 4:21,Ingelsträde Byaväg 11,1284,,56.1852691351366,12.6316581959967
52090797,17574 (Pål Anders Väg 1),,LJUSET 1,Pål Anders Väg 1,1284,,56.192209388681,12.5660051365506
52090799,8222 (Södåkravägen 16),,JONSTORP 38:97,Södåkravägen 16,1284,,56.2291600519227,12.6707331185301
52090800,8227 (S:T Andreas Väg 20),,VÄSBY 15:13,S:T Andreas Väg 20,1284,,56.2049861209772,12.5932328775423
52090801,16303 (Hälsingborgsvägen),,VIKEN 127:1,Hälsingborgsvägen,1284,,56.1418866991816,12.5865626611604
52090810,Skjutbanevägen 71,,TJÖRRÖD 2:5,Skjutbanevägen 71,1284,,56.2188389514187,12.5576363728373
108021,1009 STOCKAMÖLLAN,,GUNNARÖD 1:3,RULLEBÖRSVÄGEN,1285,,55.9465235684904,13.3704284399175
108024,1003 ESLÖV SLUTET,,ESLÖV 53:4,FJÄRDINGSVÄGEN,1285,,55.8349639869727,13.2773070166617
108152,1002 ESLÖV BADHUSPARK,,UTTERN 14,NORREGATAN 22,1285,,55.8426828379862,13.3050758490975
108175,1001 BILLINGE,,BILLINGE 38:1,VATTENVERKSVÄGEN 13,1285,,55.9630377418832,13.3306108809717
108179,1011 GÅRDSTÅNGA,,GÅRDSTÅNGA 15:31,FLYINGEVÄGEN,1285,,55.7613817058115,13.3274759204088
108183,1008 STEHAG,,HASSLE 4:70,STATIONSVÄGEN 17 C,1285,,55.9017793777618,13.3984422259684
108202,1013 KUNGSHULT,,HASSLERÖD 2:75,HASSLERÖDSVÄGEN 34,1285,,55.8537669073463,13.4166494393497
108212,1004 ESLÖV SALLERUP,,ESLÖV 53:4,SOCKENVÄGEN 2,1285,,55.8282599680451,13.2850275172522
108218,1005 HARLÖSA,,HARLÖSA 44:87,GÅRDSTÅNGAVÄGEN 4,1285,,55.7169445762156,13.5284388129102
121516,1006 HURVA,,HURVA 15:16,TUNNBINDAREVÄGEN,1285,,55.7933696809427,13.4406191316299
131318,1014 ESLÖVS ÅVC,,STÄDET 6,ÅKERIVÄGEN 3,1285,,55.8290270590785,13.3263618759195
131321,1007 LÖBERÖD ÅVC,,LÖBERÖD 1:196,LÖPAREGATAN 4,1285,,55.77499407146,13.5043936190401
131322,1012 MARIEHOLM ÅVC,,SIBBARP 2:85,BRUKSGATAN 15,1285,,55.8655940047232,13.1626114767782
131364,1015 Rönneholms avfallsanläggning ÅVS,,HASSLE 32:11,RÖNNEHOLMS AVF.ANL HASSLE 3211,1285,,55.914619081101,13.4052253058634
230183,Skarpskyttegatans ÅVS,,Innerstaden 4:30,Skarpskyttegatan 10,1287,,55.37176,13.17057
230184,Alstads ÅVS,,Västra Alstad 4:30,Alstads stationsväg 3,1287,,55.45341,13.20915
230185,Rosenhagens ÅVS,,Sörby 8:12,Landsvägen 2229,1287,,55.43746,13.32812
230186,Smygehamns idrottsplats ÅVS,,Östra Torp 37:1,Östra Torps byaväg 16,1287,,55.3439,13.36956
230187,Klagstorps ÅVS,,Klagstorp 17:8,Äspövägen 2,1287,,55.3925,13.37227
230188,Strandridaregatan ÅVS,,Väster Jär 4:120,Strandridaregatan 10,1287,,55.37464,13.12886
230189,Folkets park ÅVS,,Bollen 2,Vikingagatan 14,1287,,55.3793,13.15374
230190,Södans ÅVS,,Sunnanvinden 1,Klörupsvägen 48,1287,,55.38754,13.15578
230191,Vångavallens ÅVS,,Östervång 1:47,Östervångsvägen 25,1287,,55.38621,13.16399
230192,Rådmansgatans ÅVS,,Östervång 1:114,Rådmansgatan ,1287,,55.38144,13.17039
230193,Ripatorgets ÅVS,,Innerstaden 5:71,Ripatorget 1,1287,,55.37652,13.16574
230194,Reparatörsgatans ÅVS,,Öster Jär 1:1,Reparatörsgatan 2,1287,,55.36901,13.18481
230195,Dalköpinges ÅVS,,Dalköpinge 11:4,Köpingedalsvägen ,1287,,55.36402,13.21299
230196,Skegries ÅVS,,Skegrie 41:127,Skegrie byaväg 9 A,1287,,55.40631,13.07165
230197,Smyge ÅVS,,Lilla Beddinge 30:2,Beddinge strandväg 3,1287,,55.35245,13.39206
230198,Anderslövs ÅVC,,Anderslöv 49:1,Åttavägen 49:1,1287,,55.43308,13.31193
230199,Trelleborgs ÅVC,,Ståtorp 3:1,Sjöviksvägen 34,1287,,55.38308,13.10739
259032,Balsby - Skolbusshållplats,,Balsby 11:3,Balsby Sjöväg,1290,,56.0740263072959,14.2117602397574
259033,Bäckaskog - Busshållplats,,Bäckaskog 1:178,Bäckaskogsvägen,1290,,56.0440089637825,14.3355286482528
259034,Degeberga - Idrottshallen,,Degeberga 91:1,Forsakarsvägen,1290,,55.8301772994767,14.0888220587974
259035,Fjälkestad - Ridklubb,,Fjälkestad 31:1,Fjälkestadsvägen,1290,,56.1039350449513,14.1716915706576
259036,Fjälkinge - Henning Anderssons Väg,,Fjälkinge 35:50,Henning Anderssons Väg,1290,,56.044455554079,14.2767919969569
259037,Furuboda - Furuboda Folkhögskola,,Yngsjö 1:168,Furubodavägen 226,1290,,55.8449573851383,14.2129773534326
259038,Gärds Köpinge - Affären,,Köpinge 83:1,Fredrika Bremers Väg 30,1290,,55.9460758642172,14.1572141645254
259039,Kristianstad - Östermalm,,Kristianstad 4:10,Villandsgatan,1290,,56.0355904779575,14.1625164850941
259040,Huaröd - Affären,,Huaröd 8:40,Karlins Väg 17,1290,,55.8416413025097,13.9687231611656
259041,Ivö - Campingen,,Ivö 3:58,Ärkebiskopens Väg,1290,,56.1109769033886,14.386889655838
259042,Kiaby - Idrottsplatsen,,Kiaby 27:2,Kälkestadsvägen,1290,,56.0682651771546,14.3224122542964
259043,Norra Åsum - Gamla affären,,Åsumtorp 54:36,Fredskogsvägen 5,1290,,55.995955511974,14.1509902362102
259044,Sommarlust - Parkeringen,,Kristianstad 3:3,Sommarlustvägen,1290,,56.0426403591025,14.1646927371551
259045,Kristianstad - ICA Maxi,,Kristianstad 4:37,Mäster Bonggatan,1290,,56.0249720682439,14.1705547717102
259046,Linderöd - Äsphultsvägen,,Linderöd 7:50,Äsphultsvägen,1290,,55.9325270058794,13.8242812225678
259047,Maglehem - Julebodavägen,,Maglehem 54:2,Julebodavägen,1290,,55.7676934415335,14.1542895683053
259048,Rickarum - Missionshuset,,Rickarum 22:39,Rickarums Byväg,1290,,55.9944003482621,13.8204784969403
259049,Rinkaby - Skolan,,Rinkaby 29:34,Kyrkvägen,1290,,55.9838977738478,14.2709514866897
259050,Tollarp - Affären,,Tollarp 5:53,Särlagatan,1290,,55.9341341959376,13.9755006488795
259051,Vanneberga - Gälltoftavägen,,Vanneberga 10:38,Gälltoftavägen,1290,,55.9991154045148,14.3545727435097
259052,Vittskövle - Oxelvägen,,Vittskövle 35:3,Oxelvägen,1290,,55.8620962306201,14.1469132643783
259053,Vä - Affären,,Vä 5:7,Ubbes Väg,1290,,56.0022367269712,14.0976772373298
259054,Åhus - Granvägen,,Åhus 55:2,Granvägen,1290,,55.9358731788092,14.290316104484
259055,Östra Sönnarslöv - Rävbacken,,Sönnarslöv 76:59,Rävbacken,1290,,55.8904463284711,14.0129375523524
259056,Önnestad - Affären,,Önnestad 109:2,Önnegatan,1290,,56.0538401990632,14.0232237847771
259057,Kristianstad - Yllan,,Konservfabriken 14,Widellsgatan,1290,,56.0236037170079,14.1595292353888
259058,Åhus - Åvägen,,Yngsjö 3:221,Åvägen,1290,,55.9205730538385,14.2849974865326
259059,Viby - Idrottsplatsen,,Hammar 10:12,Kvarnnäsvägen,1290,,56.0163280109837,14.2207074167713
259060,Yngsjö - Gamla Byvägen,,Yngsjö 4:249,Gamla Byvägen,1290,,55.883731361379,14.2300557575026
259061,Tosteberga - Bodavägen,,Tosteberga 28:4,Bodavägen 30,1290,,56.0078179381434,14.4352904952027
259062,Färlöv - Folkets Hus,,Färlöv 36:1,Fru Marines Väg 29,1290,,56.0764531626392,14.0919204225731
259063,Kristianstad - Norretull,,Kristianstad 4:4,Norretullsvägen,1290,,56.0349101402416,14.1519400834445
259064,Everöd - Parken,,Everöd 18:3,Medspårsvägen,1290,,55.9003647370543,14.085610273175
259065,Kristianstad - C4 Shopping,,Hammar 9:189,Fundationsvägen 9,1290,,56.0251230643408,14.2009912240733
259066,Åhus - Frendo,,Brisen 2,Lägatan,1290,,55.9299198664925,14.292514041486
13954,ÅVS Måsalycke ÅVC id13954,,ÅVS Måsalycke ÅVC id13954,"Måsalyckevägen 6, anl 13954",1291,,55.6145710961356,14.1343188217303
13955,ÅVS Shamns ÅVC id 13955,,ÅVS Shamns ÅVC id 13955,"Fabriksgatan, Simrishamn, id 13955",1291,,55.5445675058701,14.3276363546985
15622,ÅVS Vitaby id 15622,,ÅVS Vitaby id 15622,"Ravlundavägen, Vitaby id 15622",1291,,55.6857563627343,14.1547250731548
17059,ÅVS Hammenhög id 17059,,ÅVS Hammenhög id 17059,"Södergårdavägen, Hammenhög id 17059",1291,,55.4982929604977,14.1423869148184
17183,ÅVS Borrby id 17183,,ÅVS Borrby id 17183,"Hammenhögsvägen, Borrby id 17183",1291,,55.4631605287314,14.1855490175657
17473,ÅVS Willys Shamn id 17473,,ÅVS Willys Shamn id 17473,"Skanshillsgatan, Simrishamn id 17473",1291,,55.5516808954329,14.3466478568106
4428,"ÅVS Baskemölla, anl 4428",,"ÅVS Baskemölla, anl 4428",Gladsaxvägen/Åbogatan anl 4428,1291,,55.5917091786514,14.3114089987033
4431,"ÅVS Ö Vemmerlöv, id 4431",,"ÅVS Ö Vemmerlöv, id 4431",Järnvägsgatan/Snickaregatan id 4431,1291,,55.5841664373287,14.2277991752962
4437,ÅVS Kivik id 4437,,ÅVS Kivik id 4437,"Nordins väg, Kivik id 4437",1291,,55.6836681641014,14.2171937229264
4441,ÅVS Sankt Olof id 4441,,ÅVS Sankt Olof id 4441,"Hultgatan, Sankt Olof id 4441",1291,,55.6378799165154,14.1267013588019
4447,ÅVS ICA Simrishamn  4447,,ÅVS ICA Simrishamn  4447,"Yngve Östbergs väg, Simrishamn, id 4447",1291,,55.5578039410505,14.3462079698759
4452,ÅVS Skillinge id 4452,,ÅVS Skillinge id 4452,"Branteviksvägen, Skillinge id 4452",1291,,55.4764699741878,14.2879879535085
4454,ÅVS Tommarp id 4454,,ÅVS Tommarp id 4454,"Skomakaregatan, Tommarp id 4454",1291,,55.5385182826841,14.2351430672495
6901,ÅVS Gärsnäs id 6901,,ÅVS Gärsnäs id 6901,"Järnvägsgatan, Gärsnäs id 6901",1291,,55.5455933197036,14.1762363881193
52090779,11961 (Hugingatan 2 Ica Maxi),,JÄRNHANDLAREN 5,Hugingatan 2 Ica Maxi,1292,,56.2532546196728,12.8896137346799
52090780,6634 (Allmänna Gränd),,SÖNDREBALJ 7:2,Allmänna Gränd,1292,,56.3158338767764,12.9173319857098
52090781,Nordalagatan 1,,BETONGEN 3,Nordalagatan 1,1292,,56.2539537351577,12.9115768289233
52090782,17393 (Skiftesgatan 4 Ljunggården),,ÄNGELHOLM 5:1,Skiftesgatan 4 Ljunggården,1292,,56.2326519915271,12.8474200876978
52090793,6631 (Kustroddarevägen),,BARÅKRA 22:60,Kustroddarevägen,1292,,56.2904800595627,12.8106161366122
52090794,12825 (Sanatorievägen 51),,VEJBY 242:4,Sanatorievägen 51,1292,,56.3130320571376,12.7837579683311
52090795,99280 (Rubinvägen),,STRÖVELSTORP 5:7,Rubinvägen,1292,,56.1630573583052,12.8341948894777
52090802,6641 (Toftavägen ÅVS),,MUNKA LJUNGBY 27:20,Toftavägen ÅVS,1292,,56.2551636269058,12.9623489105255
52090803,6646 (Valhallsvägen 63),,VALHALL 13:1,Valhallsvägen 63,1292,,56.2791247788668,12.8447884069494
52090811,6635 (Bäckadalsvägen 27 -29),,ÄNGELHOLM 6:27,Bäckadalsvägen 27 -29,1292,,56.2321902704547,12.8780970855935
90090,Vankiva ÅVC,,,Vankiva 9300,1293,"Öppettider måndag-torsdag: kl. 9-18, fredag-söndag: kl. 9-15",56.196422,13.71383
13658,Borabo ÅVC,,HYLTE BORABO 1:2,Borabo Avfallsanläggning 102,1315,,56.98111,13.24472
1838,Drängsered,,DRÄNGSERED 2:28,Tornåsvägen,1315,,57.01778,12.96083
1842,Kinnared,,ÅMOT 1:66,Fasanvägen/Åmotvägen,1315,,57.02194,13.10833
1843,Landeryd,,LANDERYD 29:1,Stationsvägen,1315,,57.07778,13.26806
1844,Långaryd,,LÅNGARYDS KLOCKAREGÅRD 3:14,Odlingsvägen 1,1315,,57.0425,13.34056
1845,Rydöbruk,,RYDÖ 4:3,Stationen,1315,,56.96167,13.14306
1846,Torup,,GIVAGÅRD 1:37,Kvarnvägen 6,1315,,56.95806,13.07333
1847,Unnaryd,,UNNARYD 4:57,Snickargatan,1315,,56.95944,13.52917
99130,Verkstadsgatan,,STORA HÄSSLEHULT 1:47,Bäckgatan 11,1315,,57.00528,13.23722
99131,Bäckgatan,,ÖRNABÄCKSHULT 19:1,Verkstadsgatan 1,1315,,56.98806,13.23056
4318971,15964,,Halmstad 5:9,Nordbanegatan,1380,,56.676509,12.850976
4318981,15365,,Järnvägen 3,Gamletullsgatan,1380,,56.67602,12.866842
4318990,1506,,Halmstad 1:1,Skepparegatan,1380,,56.66789,12.850062
4318991,1516,,Halmstad 3:37,Gamla Tylösandsvägen 2,1380,,56.66751,12.818719
4318999,1520,,Eketånga 6:67,Stenhuggerivägen,1380,,56.655452,12.796102
4319001,1480,,Halmstad 9:112,Göteborgsvägen,1380,,56.698257,12.866171
4319003,1527,,Halmstad 9:2,Femkampsvägen,1380,,56.684709,12.862279
4319006,1517,,Eketånga 6:405,Knut Peters Väg,1380,,56.663064,12.798073
4319015,1481,,Matadoren 10,Ängdalagatan,1380,,56.701999,12.866948
4319020,1504,,Biskopen 3,Flygaregatan,1380,,56.671771,12.845085
4319024,1521,,Bäckagård 1:18,Fartygsvägen,1380,,56.656299,12.766343
4319026,16257,,Hjälmen 3,Andersbergsringen,1380,,56.663907,12.897357
4319027,16259,,Fyllinge 20:481,Fyllingevägen,1380,,56.650428,12.916388
4322334,11942,,Halmstad 4:34,"Sommarvägen, Östra Stranden",1380,,56.649869,12.886592
4322336,1442,,Halmstad 1:8,Gatenhielmsvägen,1380,,56.665935,12.830284
4322337,1445,,Snöstorps-Borgård 1:9,Långhusallén,1380,,56.684836,12.948788
4322338,1446,,Bäckagård 1:18,Stafflivägen,1380,,56.656564,12.782194
4322339,1448,,Eldsberga 6:8,Kommunalhusvägen,1380,,56.597554,12.987862
4322340,1451,,Luppen 75,"Furuvägen, Frennarp",1380,,56.689989,12.890432
4322341,1453,,Frösakull 1:1,Kungsvägen,1380,,56.67655,12.728732
4322342,1454,,Halmstad 10:10,"Furuvägen, Furet",1380,,56.682857,12.875459
4322343,14582,,Bäckagård 1:18,Krypvidevägen,1380,,56.654349,12.782045
4322344,1464,,Gullbranna 1:7,Gallaredsvägen,1380,,56.584361,12.956276
4322345,1466,,Gullbranna 1:42,Kryddvägen,1380,,56.589253,12.949429
4322346,1470,,Lyngåkra 3:136,Källvägen,1380,,56.744256,12.736206
4322347,1471,,Lyngåkra 4:103,Kvarnliden,1380,,56.744415,12.72507
4322348,1472,,Harplinge 5:81,Jägarevägen,1380,,56.721044,12.691092
4322349,1473,,Haverdal 3:8,Klövervägen,1380,,56.729345,12.670561
4322350,1474,,Haverdal 39:40,Sommarvägen,1380,,56.720696,12.67169
4322351,1475,,Holm 10:42,Gamla Göteborgsvägen,1380,,56.733235,12.859798
4322352,1476,,Drared 1:37,Draredsvägen,1380,,56.839288,12.981793
4322353,1478,,Kvibille 22:1,Lundsgårdsvägen,1380,,56.787361,12.835366
4322354,1479,,Kvibille 7:7,Slättåkravägen,1380,,56.781951,12.832882
4322356,1484,,Snöstorp 19:202,Lågagårdsvägen,1380,,56.681089,12.935195
4322357,1485,,Marbäck 2:12,Svanåsvägen,1380,,56.706132,13.033332
4322358,1486,,Halmstad 5:26,Broddesonsgatan,1380,,56.676435,12.846186
4322359,1487,,Halmstad 5:26,Magnus Stenbocks Väg,1380,,56.676976,12.832786
4322360,1488,,Halmstad 7:5,Burmeistervägen,1380,,56.696826,12.85412
4322361,1489,,Grumshult 1:56,Kursgårdsvägen,1380,,56.837904,13.005831
4322362,1492,,Halmstad 6:1,Stålgatan,1380,,56.671653,12.877792
4322363,1493,,Oskarström 5:59,Björsgårdsgatan,1380,,56.799898,12.960025
4322364,1494,,Oskarström 3:137,Blåklintsvägen,1380,,56.806248,12.959735
4322365,14963,,Oskarström 3:173,Jutans väg,1380,,56.80267,12.973797
4322366,1497,,Oskarström 4:52,Santagårdsvägen,1380,,56.801433,12.990014
4322367,1501,,Sten 8:1,Stensvägen,1380,,56.773454,12.980166
4322368,1502,,Breared 1:207,Brearedsvägen,1380,,56.719076,13.124166
4322369,1503,,Skedala 1:262,Blomängsvägen,1380,,56.696484,12.974229
4322370,1505,,Halmstad 1:1,Utblicken,1380,,56.668494,12.843543
4322371,1511,,Snöstorp 19:194,Ljungbyvägen,1380,,56.676913,12.926059
4322373,1522,,Trönninge 10:29,Bjärbygårdsvägen,1380,,56.621411,12.941083
4322374,1523,,Trönninge 25:1,Kornvägen,1380,,56.614033,12.9523
4322375,1524,,Trönninge 25:1,Krontorpsvägen,1380,,56.617781,12.946119
4322376,1525,,Tylösand 2:1,Tylösandsvägen,1380,,56.646716,12.73366
4322377,1526,,Tönnersjö 2:9,Krokagården,1380,,56.637243,13.058181
4322378,15315,,Ankarspelet 1,Väderögatan,1380,,56.672862,12.829047
4322379,1542,,Villshärad 2:179,Vikenvägen,1380,,56.694658,12.696966
4322380,1543,,Spånstad 1:19,Nattflyvägen,1380,,56.745161,12.932949
4322381,1544,,Enslöv 4:160,Ålängesvägen,1380,,56.747576,12.953916
4322382,15630,,Oskarström 3:57,Oskarströms ÅVC,1380,,56.796724,12.978011
4322383,15631,,Hörsås 3:36,Getinge ÅVC,1380,,56.82532,12.727429
4322384,15949,,Hörsås 2:94,Fabriksgatan,1380,,56.819771,12.729738
4322385,16039,,Gullbrandstorp 1:290,Vilshäradsvägen,1380,,56.704921,12.727067
4322386,17101,,Vallås 1:1,Svingelvägen,1380,,56.676685,12.91391
4322387,17251,,Filaren 2,Pilefeltsgatan,1380,,56.662607,12.87744
4322388,17390,,Slättåkra 8:1,Bårarpsvägen,1380,,56.825046,12.88141
4322390,15739,,Fyllinge 20:464,Villmanstrand ÅVC,1380,,56.638046,12.924153
4322391,15584,,Eketånga 24:63,Flygstaden ÅVC,1380,,56.675729,12.796956
15624,Sandladan ÅVC,,Arvidstorp 1:39,ÅVS Sandladan ÅVC,1382,,56.9108914558243,12.4646479202912
16378,Morups IP Spännavägen,,Morup 20:2,ÅVS Morups IP Spännavägen,1382,,56.9757669749855,12.3978219414278
17263,Långaveka skola,,Långaveka 4:1,"ÅVS Långaveka 126, Långaveka skola",1382,,56.9356595076805,12.3745945547687
17499,"Älvsered, Falkenbergsvägen 10",,Toppered 1:207,"ÅVS Älvsered, Falkenbergsvägen 10",1382,,57.2393199266903,12.8589790669049
2401,"Stafsinge strand, sommarlustvägens parkering",,VÄSTRA GÄRDET 2:1,ÅVS Stafsinge strand,1382,,56.8976663153168,12.458453738051
2407,"Glommen, Rosendalsvägen",,.,"ÅVS Glommen, Rosendalsvägen",1382,,56.9571522603952,12.36118000341
7489,"Slätten, Fredens väg",,Slätten 1:1,"ÅVS Slätten, Fredens väg",1382,,56.8956777100032,12.5287221192939
7490,"Hjortsberg, Hjortvägen",,Hjortsberg 4:1,"ÅVS Hjortsberg, Hjortvägen",1382,,56.884933998251,12.5142618636235
7491,"Gamla Coop, Klockaregatan 27",,Spettet 1,ÅVS Klockaregatan 27 Gamla Coop,1382,,56.9094665615083,12.4913181764666
7495,Sanddynevägen/Strandridaregatan,,VÄSTRA GÄRDET 2:1,ÅVS Sanddynevägen,1382,,56.8954838555942,12.4810234846148
7500,Gällared Hagabergsvägen,,Gällared 8:1,ÅVS Gällared Hagabergsvägen,1382,,57.0995871911733,12.8326302243534
7501,"Heberg, Gamla vägen",,Heberg 3:12,"ÅVS Heberg, Gamla vägen 12",1382,,56.8784744365265,12.6312854713436
7504,Källsjö Kyrka,,Holmen 1:1,ÅVS Källsjö kyrka,1382,,57.2154146252985,12.6469260766696
7505,"Köinge Lantmännen, Östervägen 9",,Köinge 5:46,"ÅVS Köinge Lantmännen, Östervägen 9",1382,,57.0642311837226,12.646403619351
7506,"Ljungby, Lastadsvägen",,Ljungby-Bergagård 1:5,"ÅVS Ljungby, Lastadsvägen 1",1382,,56.9809009922747,12.5767786316112
7507,Långasand strandparkering,,Risarp S:2,ÅVS Långasand strandparkering,1382,,56.8336836888768,12.5952373132329
7508,"Långås, Potatisvägen",,Morups-Ry 1:88,"ÅVS Långås, Potatisvägen 2",1382,,56.9723831993415,12.4520231948041
7510,"Okome, Bygdegården",,Okome 3:26,"ÅVS Okome, Ätraforsvägen 28",1382,,57.0526094609331,12.6912429849779
7512,Skogstorp parkering,,Skogstorp 4:148,"ÅVS Skogstorp parkering, Violvägen",1382,,56.9122220101367,12.4366362562837
7513,Skrea stationsväg,,Skrea 23:3,ÅVS Skrea stationsväg,1382,,56.8861286146104,12.5616879042671
7514,Slöinge Lantmannaföreningen,,Slöinge 1:20,ÅVS Slöinge Lantmannaföreningen,1382,,56.8527409259773,12.6870367861601
7516,"Ullared ÅVC, Hedemovägen",,Ullared 2:205,"ÅVS Ullared ÅVC, Hedemovägen 3",1382,,57.1299183552638,12.718891247903
7517,Vessigebro Järnvägsgatan,,Kärreberg 3:137,ÅVS Vessigebro Järnvägsgatan,1382,,56.9832556424918,12.6547722945466
7518,Vinbergs samhälle idrottshallen,,Töringe 7:19,ÅVS Vinbergs samhälle idrottshallen,1382,,56.9477326703923,12.5454538687657
7519,Årstad mittemot skolan,,Årstad 28:2,ÅVS Årstad mittemot skolan,1382,,56.9142020851957,12.6742104254943
7521,Ätran Timmervägen,,Esered 1:216,ÅVS Ätran Timmervägen,1382,,57.1206855618859,12.9436005215566
99284,"Olofsbo Tempo, Havsvägen",,Olofsbo 3:214,"Olofsbo Tempo, Havsvägen 23",1382,,56.9171947135423,12.3910474461915
11140,Derome Ica Supermarket,,Åsby 9:5,ÅVS Derome Ica Supermarket,1383,,57.2358090614347,12.3183676003045
11143,Hunnestad Ica Nära,,Hunnestad 14:10,ÅVS Hunnestad Ica Nära,1383,,57.1016674315811,12.3569140472497
11145,"Kungsäter, Kungsäter Livs",,Österby 1:47,"ÅVS Kungsäter, Kungsäter Livs",1383,,57.3040950351529,12.5620808535257
11147,Rolfstorp Ica Supermarket,,Rolfstorp 20:3,ÅVS Rolfstorp Ica Supermarket,1383,,57.1457483869501,12.4530792630484
11148,"Skällinge, Fenixvägen",,Skällinge 1:2,ÅVS Skällinge idrottsplats,1383,,57.1796196444002,12.4650878931003
11150,Tofta Mejerivägen,,Tofta 8:16,ÅVS Tofta Mejerivägen,1383,,57.1745866154016,12.300821509013
11151,Träslövsläge,,Tvååkers-Ås 2:30,ÅVS Träslövsläge,1383,,57.0538781103481,12.2857201677719
11152,"Trönninge Äng, P-plats",,Trönninge 7:14,ÅVS Trönninge,1383,,57.1408470927498,12.2879365733954
11153,"Läjet, Ica Nära",,Tvååkers-Ås 1:103,"ÅVS Läjet, Ica Nära",1383,,57.0561488739208,12.2974834273928
11157,Östervi IP,,Getakärr 4:1,"ÅVS Östervi IP, Engelbrektsgatan 115",1383,,57.1059509400053,12.2827197347309
11164,Danska vägen,,Freden 1,ÅVS Danska vägen,1383,,57.099050659589,12.2560817650845
11168,Norra vägen,,Renen 14,ÅVS Norra vägen,1383,,57.1112786315491,12.2509769993692
11170,"Willys, Träslövsvägen 56",,Tolken 11,"ÅVS Willys, Träslövsvägen 56",1383,,57.102260323938,12.2686811015568
11171,Stockrosgatan,,Getakärr 4:1,ÅVS Stockrosgatan,1383,,57.1109936241923,12.2843739068459
11172,Stenåsavägen,,Getakärr 2:21,ÅVS Stenåsavägen,1383,,57.1211341806862,12.2711394878771
11173,"Breared, Vallinsvägen",,Träslöv 9:28,ÅVS Breared,1383,,57.0888262916522,12.2881381076062
15136,"Getterön, Östra Hamnvägen",,Getakärr 9:6,"ÅVS Getterön, Östra Hamnvägen",1383,,57.1213872170248,12.2506903509173
15140,"Bösarp, Skällingevägen",,Skällinge-Bösarp 2:3,"ÅVS Bösarp, Skällingevägen",1383,,57.183482655037,12.4170296535903
15804,Veddige ÅVS,,Veddige 33:3,ÅVS Veddige ÅVC,1383,,57.2581240611495,12.3145145076739
16109,Bua idrottsplats,,Bua 10:248,"ÅVS Bua idrottsplats, Kustroddarevägen",1383,,57.2297184284945,12.1248526700939
16175,"ICA Hajen, Monarkvägen",,Hajen 10,"ÅVS ICA Hajen, Monarkvägen",1383,,57.1157233506406,12.2585783030306
17161,Holmagärde ÅVC,,Eldstaden 12,ÅVS Holmagärde ÅVC,1383,,57.1195340362529,12.3027464620356
17327,Tvååker ÅVC,,Tvååker 24:2,ÅVS Tvååker ÅVC,1383,,57.0420882484799,12.3889301453156
17678,"Limabacka, Virkesvägen",,Värö-backa 17:3,"ÅVS Limabacka, Virkesvägen",1383,,57.2401478076384,12.1876298551764
2402,"Båtfjordens hamn, Bua",,Bua 10:248,"Båtfjordens hamn, Bua",1383,,57.2405991415013,12.1167724949918
2405,Getteröns Marina,,Getterön 2:1,Getteröns Marina,1383,,57.112836027538,12.2262803213106
202416315,Åsa G:A Åvc,,Åsa 5:246,Åsa Stationsväg,1384,,57.3571116304779,12.1225389098974
20248542,Anneberg-Kiosken,,Alafors 2:42,Älvsåkersvägen 4,1384,,57.5383959241205,12.1038315251652
14472,Brattåsvägen/Lunnavägen,,14472,Brattåsvägen/Lunnavägen,1401,,57.6855311465565,12.2189997832848
16650,"Kommunhuset centrum, parkering",,16650,Skolvägen 4,1401,,57.6604790495431,12.1153727257618
17225,ICA Musikvägen,,17225,Musikvägen/Råstensvägen 2,1401,,57.6478266852893,12.1219767291832
17229,Härryda skola,,17229,Assmundtorpvägen 1,1401,,57.6921848925164,12.3005870975305
17416,Hällingsjö pendelparkering,,17416,Hällingsjö Kvarnväg,1401,,57.6185402424787,12.4348487010309
1912,Hindås Stationsväg OK/Q8,,1912,Hindås Stationsväg OK/Q8,1401,,57.704120992179,12.4426738950625
1913,Hindås Järnvägsstationen,,1913,Hindås Stationsväg 43,1401,,57.7042531311143,12.449753270587
1917,Brattåsvägen Pendelparkering,,1917,Brattåsvägen 1,1401,,57.6877229757715,12.2076683317438
1919,Landvetter Tennishallen ,,1919,Kyrkvägen 1,1401,,57.6827715714405,12.2078744147877
1920,Salmeredsvägen Pendelparkeringen,,1920,Salmeredsvägen/Brunörtevägen 1,1401,,57.6934348802871,12.2166927101353
1921,Bråta ÅVC,,1921,"Returvägen 2, Bråta ÅVC",1401,,57.6704779833974,12.1326904312853
1923,"Mölnlycke Centrum, Parkeringshuset ",,1923,Badhusgatan 1,1401,,57.6574778254427,12.112530466128
1931,Vällsjö Centrum,,1931,Vällbäcksvägen 2,1401,,57.6506252485114,12.0937820948269
1932,Mölnlycke Skinnefjäll,,1932,Skinnefjällsvägen 1,1401,,57.6531897645581,12.1347175936842
1933,Törnrosvägen/Krokusvägen,,1933,Krokusvägen 1,1401,,57.6650900786619,12.1083266827569
1935,Rävlanda Stationen ,,1935,Rävlanda stationsväg 17,1401,,57.6541858696915,12.4994775944674
2724,Boråsvägen Förbo ,,2724,Boråsvägen 22,1401,,57.6555632376246,12.4965622474513
2726,P-däck Aspgården,,2726,Aspgården 3,1401,,57.6638804886,12.1015157561124
2727,Vändplats Bokgården,,2727,Bokgården 1,1401,,57.6631889810203,12.1027651517266
6939,Båtmanstorpet,,6939,Båtsmansvägen 1,1401,,57.646234245227,12.1066997616129
99094,"Pixbo, Plommonvägens början",,99094,Plommonvägen,1401,,57.6467557643344,12.0773597567528
99100,P-plats Södra Stommen,,99100,Södra Stomvägen 8,1401,,57.6882668870581,12.2151975679419
99101,Norra Stommen Förbo,,99101,Norra Stommen,1401,,57.6915021415723,12.2118801978328
99103,Skogsgläntan Förbo,,99103,Skogsgläntan 26,1401,,57.6521848932632,12.142454285862
99134,Tahult,,99134,Tahultsvägen 30,1401,,57.6986413432938,12.1837270191285
99135,Björröd,,99135,Eskilsbyvägen,1401,,57.6742644783437,12.2437072213483
300023,"Tvistevägen, Sävedalen",,UGGLUM 4:204,Tvistevägen,1402,,57.7293124664977,12.0861498721968
6201,,,Björkö,"Framnäs, Björkö",1407,,57.71806,11.68361
6202,,,Fotö,"Stora vägen/Egnahemsvägen, Fotö",1407,,57.6725,11.66
6203,,,Grötö,Grötö hamn,1407,,57.695,11.685
6204,,,Hyppeln,Hyppeln ÅVC,1407,,57.75583,11.61583
6205,,,Hönö,Tappen Hönö,1407,,57.69833,11.64694
6206,,,Hönö,"Östra hamnen, Hönö",1407,,57.68278,11.6525
6207,,,Kalvsund,Kalvsund hamn,1407,,57.71056,11.68278
6208,,,Knippla,Knippla centrum,1407,,57.74972,11.65083
6209,,,Rörö,Rörö hamn,1407,,57.77278,11.62
6210,,,Öckerö,Öckerö färjeläge,1407,,57.71028,11.65861
6211,,,Hälsö,Hälsö hamn,1407,,57.73194,11.65583
6212,,,Öckerö,"Kärrsvik ÅVC, Öckerö",1407,,57.71083,11.65361
59122,Almö Livs,,.,Mällbyvägen 1,1419,,58.0627426196778,11.7499221575518
59123,Ica Nära Höviksnäs,,.,Höviksnäsvägen 2,1419,,58.0376763953707,11.7326454460094
59124,PK Konserv Klädesholmen,,.,Rytterholmen 1,1419,,57.9491968991253,11.5495437824214
59125,Kållekärr,,.,Nicklassons väg 5,1419,,58.0255424025309,11.6549557521789
59126,Styckets Bageri,,.,Hamngatan 39,1419,,57.9810670568097,11.5504001471433
59127,Ica Nordevik,,.,Kroksdalsvägen 4,1419,,57.9861810640894,11.5560472656657
59128,Lilla Askerön,,.,Nordgård,1419,,58.0948016971282,11.7318132874373
59129,Höviksnäs/Berga,,.,Bergavägen,1419,,58.0316389417362,11.7522954335971
59130,ÅVS Heås ÅVC,,.,Budalsvägen 157,1419,,57.9985127842827,11.6295453960786
59131,Rönnängs Ishall,,.,Lökholmsvägen 6,1419,,57.9436921778069,11.5733313214609
60000008,Kyrkans hus,,Svanesund 7:13,Fridängsvägen 1,1421,,58.144712,11.810365
2001,2001 Todderöd,,2001 Todderöd,2001 Todderöd,1427,,58.4100122441464,11.3355022621087
2002,2002 Bohus-Malmön,,2002 Bohus-Malmön,2002 Bohus-Malmön,1427,,58.3468472626427,11.335110819179
2003,2003 Hovenäset,,2003 Hovenäset,2003 Hovenäset,1427,,58.3714690081815,11.2981490577688
2004,2004 Valberget,,2004 Valberget,2004 Valberget,1427,,58.3599133217918,11.2701708521149
2005,2005 Parkgatan,,2005 Parkgatan,2005 Parkgatan,1427,,58.3610763964026,11.2582059469884
2006,2006 Smögen,,2006 Smögen,2006 Smögen,1427,,58.3629332240984,11.2337011080481
2007,2007 Väjern,,2007 Väjern,2007 Väjern,1427,,58.3796228729306,11.2629930971987
2008,2008 Reningsverket,,2008 Reningsverket,2008 Reningsverket,1427,,58.4335425021745,11.2934805129324
2009,2009 Hedalen,,2009 Hedalen,2009 Hedalen,1427,,58.4394441509618,11.3076663754079
2010,2010 Bovallstrand,,2010 Bovallstrand,2010 Bovallstrand,1427,,58.4741098446531,11.3268621233079
4001,4001 Bruksvägen,,4001 Bruksvägen,4001 Bruksvägen,1430,,58.471049766595,11.6721902376892
4002,4002 Östra Jonsängsvägen,,4002 Östra Jonsängsvägen,4002 Östra Jonsängsvägen,1430,,58.4639685183259,11.6764870553097
4003,4003 Östanvindsvägen,,4003 Östanvindsvägen,4003 Östanvindsvägen,1430,,58.4709750784436,11.6933520257056
4004,4004 Hästesked ÅVC,,4004 Hästesked ÅVC,4004 Hästesked ÅVC,1430,,58.519349128173,11.6799453766703
4005,4005 Hedekas,,4005 Hedekas,4005 Hedekas,1430,,58.6447979183315,11.7889807456454
4006,4006 Dingle,,4006 Dingle,4006 Dingle,1430,,58.5262882590749,11.5731937595989
4007,4007 Hällevadsholm,,4007 Hällevadsholm,4007 Hällevadsholm,1430,,58.5815559454917,11.5377314241296
3001,3001 Gerlesborg,,3001 Gerlesborg,3001 Gerlesborg,1435,,58.4952779112212,11.3557751462563
3002,3002 Heestrand,,3002 Heestrand,3002 Heestrand,1435,,58.5189348563599,11.2764674167157
3003,3003 Hamburgsund,,3003 Hamburgsund,3003 Hamburgsund,1435,,58.5584864595698,11.2798578590376
3004,3004 Sjöröd,,3004 Sjöröd,3004 Sjöröd,1435,,58.5470810248101,11.4182533573752
3005,3005 Kville,,3005 Kville,3005 Kville,1435,,58.5691327145235,11.3650443622507
3006,3006 Rabbalshede,,3006 Rabbalshede,3006 Rabbalshede,1435,,58.6094719704236,11.4737002246149
3007,3007 Fjällbacka,,3007 Fjällbacka,3007 Fjällbacka,1435,,58.6009021442491,11.2980994938634
3008,3008 Kämpersvik,,3008 Kämpersvik,3008 Kämpersvik,1435,,58.6504936971135,11.296780204064
3009,3009 Grebbestad,,3009 Grebbestad,3009 Grebbestad,1435,,58.6866275951792,11.2649444918741
3010,3010 Havstensund,,3010 Havstensund,3010 Havstensund,1435,,58.7540295861097,11.1825799732178
3011,3011 Höjden Tanumshede,,3011 Höjden Tanumshede,3011 Höjden Tanumshede,1435,,58.7295008887377,11.3132921409824
3012,3012 Centrum Tanumshede,,3012 Centrum Tanumshede,3012 Centrum Tanumshede,1435,,58.7251304267715,11.3226363756309
3015,3015 Resö,,3015 Resö,3015 Resö,1435,,58.8031372077101,11.1748547036832
3017,3017 Tyft Åvc,,3017 Tyft Åvc,3017 Tyft Åvc,1435,,58.7415154298328,11.4426953251205
3018,3018 Östad,,3018 Östad,3018 Östad,1435,,58.7758678255586,11.5609184541665
015,Brandstationen,Surte,,Vassvägen,1440,,57.82306,12.01472
023,Bruksvägen,Surte,,,1440,,57.82917,12.01917
031,Idrottsvägen,Surte,,,1440,,57.83556,12.01639
049,Sörgårdsvägen,Bohus,Flugan 6,,1440,,57.84361,12.01694
056,Göteborgsvägen,Bohus,Lundby 1:1,,1440,,57.85028,12.01444
064,Sörmossen (ÅVC),Bohus,,"Rördalsvägen, Storskogen",1440,,57.845,12.05167
072,Rödjans väg,Nödinge,,,1440,,57.89917,12.05472
080,Gallåsvägen,Nol,,,1440,,57.90833,12.05583
098,Folketshusvägen,Nol,Norrmalm 1:1,,1440,,57.91722,12.06583
106,"Ledet, vid skolbusshållplatsen",Alafors,Borås Aplared 1:12,,1440,,57.92667,12.08139
114,Alafors livs,Alafors,Villastaden 1:2,Ledetvägen 40,1440,,57.92611,12.09722
122,Carlmarks väg,Älvängen,,,1440,,57.95833,12.125
130,Kronogården,Älvängen,,Kronovägen 1,1440,,57.94833,12.13111
148,Tolleredsvägen,Älvängen,,,1440,,57.94917,12.10278
155,Skepplandavägen,Skepplanda,,,1440,,57.98361,12.20389
163,Kungsvägen,Alvhem,Borås Gulmåran 7,,1440,,58.00417,12.15889
171,F.d. Skolan,Kilanda,Evedal 1,Kilanda skola 115,1440,,57.93972,12.22
189,Hålsjöns Badplats,Hålanda,,Sandåker 460,1440,,58.03389,12.27306
190,"Nödingevägen , Ale Torg",Nödinge,,Nödingevägen,1440,,57.89139,12.04639
191,Albotorget,Skepplanda,,,1440,,57.98361,12.21056
64398,SJÖVIK,,ÖSTAD 3:75,Hampes väg,1441,,57.9144367544519,12.3591440257199
64399,SEGERSTAD,,HJÄLLSNÄS 8:28,Segerstadsvägen,1441,,57.8398059809489,12.3012114669433
64400,MJÖRNBOTORGET,,HJÄLLSNÄS 8:33,Mjörnbotorget,1441,,57.8355610746569,12.2979967988009
64401,VÄRMEVERKET GRÅBO,,HJÄLLSNÄS 34:1,Hjällsnäsvägen 13,1441,,57.8348115930299,12.2933372173703
64402,STANNUM,,STANNUM 2:9,Benelyckevägen,1441,,57.8250048226531,12.2466388511683
64403,TOLLERED,,TOLLERED 4:47,Volrath Bergs väg 5,1441,,57.8181661760911,12.4188080775482
64404,KYRKMOSSEN,,FLODA 3:31,Ekvägen,1441,,57.804240894271,12.3752532850317
64405,FLODA STATION,,UDDARED 1:10,Floda Stationsväg,1441,,57.8102287882063,12.3622223701895
64406,LERUMS SPORTCENTRUM ENDORFIN,,ÖLSLANDA 1:82,Gråbovägen 13,1441,,57.7923800545272,12.310002453366
64407,ÖLSLANDA,,ÖLSLANDA 2:6,Ölslanda lycka,1441,,57.7851822932912,12.3015391001653
64408,HÖJDEN,,HALLSÅS 16:1,Hallegårdsvägen,1441,,57.7826551102915,12.2859259698912
64409,GÖTEBORGSVÄGEN/VÅRDCENTRALEN,,HALLSÅS 2:41,Göteborgsvägen 7,1441,,57.7677555374294,12.265674422176
64410,LIDL,,HALLSÅS 2:22,Helgdagsbacken/Åsenvägen,1441,,57.7645095651139,12.2637772380656
64411,SERVETTE,,ALMEKÄRR 3:98,Almekärrsvägen 15 -17,1441,,57.7621130847326,12.2630043535816
64412,ICA Kvantum HULAN,,RYDSBERG 8:2,"Lilla Bråtavägen, Hulan",1441,,57.7506862058102,12.2432305583982
64413,Kretsloppsparken,,Tollestorp 1:9,Tollestorpsvägen 25,1441,,57.8040940549084,12.3138683803738
7482,Bygdegården,,FRÄMMESTAD 22:1,,1445,,58.23114,12.66453
16517,Nygårds återvinningsstation,,Lilla Edet Nygård 7:9,Kattungavägen 5,1462,Nygård,58.05639,12.21389
16518,Ströms återvinningsstation,,Lilla Edet Ryk 2:9,Egnahemsvägen / Kungälvsvägen,1462,Ström,58.13778,12.10889
16812,Berg östras återvinningsstaion,,Lilla Edet Sannersby 1:43,"Kungälvsvägen, gamla busshållplatsen",1462,Lilla Edet,58.12806,12.11083
16862,Skillnadsgatans återvinningsstaion,,Lilla Edet Edet 1:4,Skillnadsgatan,1462,Lilla Edet,58.14278,12.13167
8817,Hjärtums återvinningsstation,,Lilla Edet Hjärtum 14:1,Perkeringen i centrala Hjärtum,1462,Hjärtum,58.17944,12.10861
8818,Mårten Torsgatans återvinningsstation,,Lilla Edet Edet 2:57,Mårten Torsgatan,1462,Lilla Edet,58.13056,12.13472
8820,Götas återvinningsstation,,Lilla Edet Hanström 2:56,Värdshusvägen 3,1462,Göta,58.10778,12.14917
8821,Götaslätts återvinningsstattion,,Lilla Edet Edet 2:60,Götaslättsvägen,1462,Lilla Edet,58.12333,12.13861
8822,Lars Svensgatans återvinningsstation,,Lilla Edet Edet 2:45,Lars Svensgatan,1462,Lilla Edet,58.13694,12.12639
8824,Lödöse centrums återvinningscentral,,Lilla Edet Klostret 6:95,Parkering centrala Lödöse,1462,Lödöse,58.03278,12.15389
8825,Lödöse bensinstations återvinningsstation,,Lilla Edet Tingberg 4:116,S:t Peders väg,1462,Lödöse,58.02833,12.15361
8827,Prässebos återvinningsstation,,Lilla Edet Klinten 1:8,"Väg 1996, Badplatsen",1462,Prässebo,58.09861,12.27111
8829,Torskogs återvinningsstation,,Lilla Edet Grunneröd 5:6,"Nedanför slottet, andra sidan vägen",1462,Torskog,58.03306,12.13833
9058,Horred Vikavägen,Horred,SJÖBY 3:44,Vikavägen,1463,,57.357521,12.485082
9060,Hyssna centrum,Hyssna,LOCKÖ 1:19,Lockövägen 3,1463,,57.55628,12.538653
248682,ÅVS 7760 Olofshöjdsgatan   ,,KROKSLÄTT 90:32,Olofshöjdsgatan   ,1480,,57.68833,11.99139
248750,ÅVS 7849 Noleredsvägen 9,,Torslanda 36:13,Noleredsvägen 9  ,1480,,57.72278,11.76389
248793,ÅVS 12191 Mejerigatan 2  ,,KALLEBÄCK 7:9,Mejerigatan 2  ,1480,,57.6825,12.00917
248923,ÅVS 17239 Ernst Torulfsgatan 2  ,,KÅLLTORP 746:3,Ernst Torulfsgatan 2  ,1480,,57.72222,12.02611
100009,Kållereds IP,,Stretered 1:191,Sporredsvägen 3,1481,,57.60999618593688,12.076115088879588
100229,Almåsgången,,Lindome 2:42,Almåsgången,1481,,57.576512,12.087582
100238,Katrinebergsgatan,,Åby 1:84,Katrinebergsgatan ,1481,,57.648852,12.014338
100256,Krokslätts Torg,,Krokslätt 1:165,Krokslätts Torg,1481,,57.674363,12.008188
100354,Greggered,,Greggered 3:2,Norra Hällesåkersvägen,1481,,57.60757384595976,12.14998555157344
100358,Kikås ÅVS,,,Kikåsleden 5,1481,,57.64942986996109,12.050676986574922
116851,Fjällgatan,,Kikås 1:15,Fjällgatan,1481,,57.651929,12.03606
118852,Tallkottegatan,,Stensjön 1:66,Tallkottegatan,1481,,57.662974,12.041031
677014478,ÅVS - Diseröd,,.,Askvägen 3,1482,,57.9252781492403,12.0329743622623
677014480,ÅVS - Vikingatorget Willys,,.,Vikingagatan 1,1482,,57.8691699999911,11.96639
677014491,ÅVS - Tvetens samfällighet,,.,Tvetgatan,1482,,57.8769399999911,11.99389
677014494,ÅVS - ICA Nära Skafferiet,,.,Ivar Claessonsgata 34,1482,,57.8766699986509,11.9875000007819
677014498,ÅVS - City Gross Ytterby,,.,Torsbyvägen 10,1482,,57.858330000035,11.9163899999999
677014499,"ÅVS - ICA Nära, Kode",,.,Kodevägen 11,1482,,57.9424999997649,11.8516700001914
677014504,"ÅVS - Kärna, Ängkullevägen",,.,Ängkullevägen,1482,,57.8441699990365,11.7930599999129
677014505,"ÅVS - Koön, Marstrand",,.,"Mjölkekilsgatan, Parkeringen",1482,,57.8874999979712,11.6005600005126
677014508,"ÅVS - McDonalds, Vita Fläcken",,.,Gymnasiegatan 8,1482,,57.8758300010468,11.9724999998167
677014530,ÅVS - Inne på Munkegärde ÅVC,,.,Energivägen,1482,,57.8875013521931,11.9758191594753
1001,1001 Dona,,1001 Dona,1001 Dona,1484,,58.2717237077823,11.4286495958047
1002,1002 Drottninggatan,,1002 Drottninggatan,1002 Drottninggatan,1484,,58.2743445406444,11.4295329162329
1003,1003 Färgargatan,,1003 Färgargatan,1003 Färgargatan,1484,,58.2763914445369,11.4347672903434
1004,1004 Slätten,,1004 Slätten,1004 Slätten,1484,,58.2811976349904,11.446161310855
1005,1005 Bangatan Grötö,,1005 Bangatan Grötö,1005 Bangatan Grötö,1484,,58.2765308924743,11.4463523452732
1006,1006 Götes,,1006 Sälgvägen,1006 Sälgvägen,1484,,58.2788381617968,11.4550721941449
1007,1007 Dalskogen,,1007 Dalskogen,1007 Dalskogen,1484,,58.2834453832662,11.4661209740573
1008,1008 Torpet,,1008 Torpet,1008 Torpet,1484,,58.2883602464763,11.4718728141284
1009,1009 Tröten,,1009 Tröten,1009 Tröten,1484,,58.2865543100388,11.4513814896573
1010,1010 Sivik,,1010 Sivik,1010 Sivik,1484,,58.2939645799474,11.4511932518708
1011,1011 Lyse,,1011 Lyse,1011 Lyse,1484,,58.3237150912359,11.4938017999603
1012,1012 Brastad,,1012 Brastad,1012 Brastad,1484,,58.382699658664,11.4841965187773
1013,1013 Rixö,,1013 Rixö,1013 Rixö,1484,,58.3675222860024,11.4609378687834
1014,1014 Sågvägen,,1014 Sågvägen,1014 Sågvägen,1484,,58.3823400029948,11.4797559807113
1015,1015 Brodalen,,1015 Brodalen,1015 Brodalen,1484,,58.4140692410772,11.479047130251
1016,1016 Östersidan,,1016 Östersidan,1016 Östersidan,1484,,58.2473559985386,11.4658214000365
1017,1017 Fiskebäckskil,,1017 Fiskebäckskil,1017 Fiskebäckskil,1484,,58.239107319573,11.4615679923297
1018,1018 Åvc Skaftö,,1018 Åvc Skaftö,1018 Åvc Skaftö,1484,,58.2140394046707,11.438218620405
1019,1019 Grundsund,,1019 Grundsund,1019 Grundsund,1484,,58.2148920489318,11.423071860735
30584,ÅVS Halvorstorp Kiosk,,,Skogsvägen 1,1488,"Städas eftermiddagar på tisdag, fredag och söndag",58.28922162140745,12.340312696106464
30586,ÅVS Nysätra IP Skoftebyn,,,Nysätra Fotbollsplan,1488,"Städas eftermiddagar på måndag, onsdag, fredag och söndag",58.26478096284538,12.26624035168053
30595,ÅVS Klintvägen,,,Klintvägen,1488,"Städas eftermiddagar på måndag, onsdag, fredag och lördag",58.28056,12.28874
30597,ÅVS P-Plats Edsborg IP,,,Tunhemsvägen 45,1488,"Städas eftermiddagar på måndag, onsdag och lördag",58.29003,12.31408
30605,ÅVS Träffen,,,Stamkullevägen Träffen,1488,"Städas eftermiddagar på tisdag, torsdag och söndag",58.28113480842768,12.329749745906469
30606,ÅVS Skogstorpavägen,,,Skogstorpavägen,1488,"Städas eftermiddagar på onsdag, fredag och söndag",58.29145870298015,12.309664194138463
15375,Sollebrunn (ÅVC),,,Torps Industriområde,1489,,58.11972,12.54028
15693,Bälinge (ÅVC),,,Tokebackavägen 6,1489,,57.94444,12.58472
6982,Hemköp,,,Sveagatan 8,1489,,57.92639,12.52611
6984,ICA Supermarket Noltorpsgatan,,,Noltorpsgatan 8,1489,,57.93778,12.52278
6986,Willys,,,Hagaplan,1489,,57.93778,12.53417
6990,"Östlyckan, Nolby 37:1",,,Mångatan/ Kometgatan,1489,,57.93028,12.54833
6991,"P-plats kyrkan Stocklycke, Ängabo 2:3",,,Stockslyckevägen,1489,,57.92167,12.55361
6992,"Bakom affären, Ingared",,,Ingaredsgatan,1489,,57.84917,12.4575
6994,"Järnvägsgatan, Sollebrunn",,,"Järnvägsgatan, Sollebrunn",1489,,58.11889,12.53444
6995,"Bussvändplats, St Mellby",,,St Mellby väg 190 mot Nossebro,1489,,58.14389,12.58667
6996,"Västra Bodarna, Affären",,,Västra Bodarnevägen,1489,,57.8875,12.47361
99045,"Noltorp, Centrum, Citronen 8",,,Citrongatan,1489,,57.94028,12.52306
069,Boda Åvc,,,Sjumilagatan 6,1490,"Se vad du kan sortera på varje station samt dess tömningsdagar i vår app ""Sortera med mera"", där kan du även felanmäla.",57.72583,12.98611
16026,Näsgatan återvinningsstation,,,"Näsgatan 17B, Åmål",1492,Mittemot Näsgatan 17B,59.03667,12.71444
6469,Tösse återvinningsstation,,,"Tösse station, Tösse",1492,Vid Tösse station,58.97194,12.64333
6477,Klövervägen återvinningsstation,,,"Klövervägen, Åmål",1492,Vid Willys,59.05611,12.67694
9049,Reningsverket,,SJÖTORP 2:209,Fiskare Pärs Väg 8,1493,,58.83583,13.97694
149412860,ÅVS FILSBÄCK,,FILSBÄCK 2:45,UDDEHOLMSVÄGEN,1494,,58.4920574664253,13.2510591473753
149412861,ÅVS FRAMNÄS,,SANNORNA 3:1,FRAMNÄS PARKERING,1494,,58.5116109614204,13.1418859792738
149412862,ÅVS GILLSTAD,,GILLSTAD 1:26,SÖRBYVÄGEN,1494,,58.440731502925,12.9606787318237
149412863,ÅVS JÄRPÅS,,JÄRPÅS PRÄSTBOL 4:25,MEJERIGATAN FRANZENS,1494,,58.3825897226433,12.9771568274144
149412866,ÅVS MÅNESKÖLD,,PALMEN 1,LINJEVÄGEN MÅNESKÖLDSKOLAN,1494,,58.5019594068491,13.1397912144833
149412869,ÅVS STENHAMMAR,,VILLA GIACOMINA 1:15,STENHAMMARSVÄGEN,1494,,58.5343627978039,13.1148711319138
149412873,ÅVS MARGRETELUND,,MARGRETELUND 1:1,VÄSTGÖTAGATAN MARGRETELUND,1494,,58.4882745973945,13.1718283733319
149412874,ÅVS SALEBY,,SALEBY 6:7,NYA SALEBYVÄGEN SALEBY,1494,,58.3852278854425,13.15044849404
149412875,ÅVS OTTERSTAD,,OTTERSTAD 1:7,GRANVIKSVÄGEN OTTERSTAD SKOLA,1494,,58.6547668870232,13.1633501368016
149412876,ÅVS RÅDA,,RÅDA 5:1,KARLSTORPSVÄGEN SILVERBYN,1494,,58.5018183264694,13.1237156887744
149412877,ÅVS ÖRSLÖSA,,ÖRSLÖSA 6:7,TEGELVÄGEN ÖRSLÖSA,1494,,58.5119221824886,13.0044707659372
149412878,ÅVS TUN,,TUN 7:51,KVARNVÄGEN 8,1494,,58.4287107380734,12.7390812131451
149412879,ÅVS ULRIKSDAL,,GÖSSLUNDA 4:3,ULRIKSDALSVÄGEN,1494,,58.5234945050824,13.1133641899986
149412880,ÅVS VINNINGA,,SÄVARE 37:1,KONVALJEVÄGEN VINNINGA SKOLA,1494,,58.4527081349138,13.26050665594
149412881,ÅVS MELLBY,,MELLBY 5:36,MELLBY UPPSTÄLLNINGSPLATS,1494,,58.4537455769851,13.0228883225918
149412882,ÅVS LOVENE,,LOVENE 2:7,INDUSTRIGATAN LOVENE,1494,,58.4429105326255,13.0467952304589
149413791,ÅVS KARTÅSEN,,KARTÅSEN 1:1,KARTÅSENS AVFALLSANLÄGGNING 1,1494,,58.4891142532673,13.217565666233
149413792,ÅVS LIDÅKER,,LIDÅKER 2:1,SOLHAGSVÄGEN 26,1494,,58.4917207985039,13.155447880403
149415102,ÅVS ICA KLOCKAN SINGELSTATION,,SYRENEN 9,RÅDAGATAN ICA KLOCKAN,1494,,58.501723727233,13.1441165684704
149415109,ÅVS MATMAGASINET SINGELSTATION,,NYCKELPIGAN 2,FLORAGATAN 8 ICA SUPERMARKET,1494,,58.4952310978028,13.1697838209262
149415113,ÅVS SPIKENS AFFÄR,,OTTERSTADS-BERG 2:26,SPIKENS HAMNPLAN,1494,,58.6905091065147,13.2006707034147
149416897,ÅVS FREDRIKSDALSKOLAN,,TUSENFOTINGEN 1,FLORAGATAN FREDRIKSDALSKOLAN,1494,,58.4965306626346,13.1661591927014
149417047,ÅVS MAJÅKER,,TORSBORG 1:1,JORDBRUKSGATAN 1 MAJÅKER,1494,,58.4813666604607,13.1380940316924
149417395,ÅVS FRAMNÄS KÖPCENTRUM SINGELSTATION,,HARVEN 4,FRAMNÄSVÄGEN 1 FRAMNÄS KÖPCENTRUM,1494,,58.5078694790059,13.1476837491704
149417445,ÅVS COOP ÄNGHAGEN SINGELSTATION,,FJÄLLSKIVLINGEN 4,RÖRSTRANDSGATAN 5 COOP ÄNGHAGEN,1494,,58.4941535940459,13.1829650018736
9848,"Skövde, Södermalms IP p-plats",,SKÖVDE 4:338,Skaraborgsgatan,1496,,58.37944,13.84278
16114,Forshaga; Coop Konsum Centrum,,LÄRKAN 7,Storgatan 36,1763,,59.53166,13.48089
16566,Kvarntorps ÅVC,,KVARNTORP 2:4,Traktorgatan 1,1763,,59.56559,13.48174
914,Deje; Järnvägskiosken,,KLARÄLVSBANAN 1:2,Älvdalsvägen 35,1763,,59.60292,13.47243
918,Forshaga; Grossbolsskolan,,KROKUSEN 1,Södergatan/Storgatan,1763,,59.53703,13.48108
919,Olsäter; Olsäters Handel,,OLSÄTTER 2:4,Olsätersvägen 17,1763,,59.71697,13.49549
920,Skived; Coop Nära,,GETEN 1,Lövgatan 6,1763,,59.52073,13.4811
1764 01,Björknäsgatan,,Gamla Slottsbron 1:5,,1764,,59.340765,13.097739
1764 02,Orrby,,Orrby 1:24,,1764,,59.34719,13.101191
1764 04,Segmon,,Storängen 1:87,,1764,,59.275412,13.040348
1764 06,Karlberg,,Karlberg 2:19,,1764,,59.362803,13.128877
1764 07,Slottsbron,,Eds-Strand 1:57,,1764,,59.323702,13.09595
1764 08,Centrum,,Grönberg 1:224,,1764,,59.354185,13.114264
15422,Furskog (ÅVC),Årjäng,,,1765,,59.38556,12.04528
15434,Töcksfors (ÅVC),Töckfors,,,1765,,59.51278,11.82306
15787,Hämnäs,Årjäng,,Gamla Skolan,1765,,59.52167,12.05139
6508,Blomskog Trättlanda lanthandel,,Blomskog,,1765,,59.28278,12.03167
6509,Holmedal,Selen,,,1765,,59.46917,11.98778
6511,Lennartsfors Fd brandstationen,Lennartsfors,,,1765,,59.31694,11.89861
6512,Sillerud ICA Svensbyn,Sillerud,,,1765,,59.32028,12.31167
6514,Töcksfors Brandstationen,Töcksfors,,Sveavägen 21,1765,,59.50889,11.84111
6516,Årjäng Backa industriområde,Årjäng,,Industrigatan 2,1765,,59.39667,12.13194
6517,Östervallaskog Lanthandeln,Östervallskog,,,1765,,59.64306,11.86083
4025678,Alster; Lantmännen,2261,BRÅTEBÄCKEN 1:1,Lantmannavägen ,1780,,59.4004763,13.611051
4025679,Stockfallet,2268,BUTIKEN 1,Fogdemyrsgatan/Myrgången ,1780,,59.4117334,13.5465745
4025681,Herrhagen,2271,HERRHAGEN 1:1,Kanikenäsgatan ,1780,,59.3731461,13.5182708
4025682,Våxnäs centrum,2284,VÅXNÄS 2:1,Petersbergsgatan ,1780,,59.3838624,13.4624932
4025683,Hagaborg; P-plats,12697,ÅKAREN 1,Hantverkaregatan ,1780,,59.3872775,13.5179364
4025684,Kroppkärr,12704,SÖDRA KROPPKÄRR 1:1,Talluddsgatan/Östra Infarten ,1780,,59.4001118,13.5486633
4025685,Sundsta; bakom Circle K,12712,SUNDSTA 2:1,Sävegatan/Drottning Kristinas Väg ,1780,,59.3934918,13.5145806
4025686,Edsvalla,12713,HÖGLUNDA 1:322,Edsvallavägen/Dalsängsvägen ,1780,,59.4400239,13.2097286
4025687,ÅVS Väse,12715,HAMMAR 1:24,Storgatan 44,1780,,59.3801951,13.849316
4025688,Skattkärr; Konsum,12717,BJÖRKNÄS 31:4,Skattkärrsvägen 34,1780,,59.4133478,13.6749157
4025689,Skåre centrum; Ica Hallen,12718,ÖSTRA TORP 1:154,Centrumvägen 4,1780,,59.435477,13.4391083
4025690,ÅVC Djupdalen,13734,BJÖRBY 1:75,Norra Järpetan 545,1780,,59.442348,13.5060292
4025691,ÅVC Heden,13735,SKRAPAN 11,Hedvägen 20,1780,,59.3878283,13.5678886
4025692,Molkom; grusplanen,15243,UPPERUD 1:2,Stationsgatan/Muffgatan ,1780,,59.6060007,13.7362898
4025693,ÅVC Vålberg,15432,VÅLBERG 1:426,Älvenäsvägen/Notbodvägen 2,1780,,59.3845973,13.1874684
4025695,Lidl Rattgatan,15950,SPÄRREN 1,Rattgatan 10,1780,,59.3863712,13.4764302
4025696,ÅVC Molkom,16027,UPPERUD 1:131,Industrivägen ,1780,,59.6067594,13.7438848
4025697,Skåre,16738,ÖSTRA TORP 1:154,Trysilvägen ,1780,,59.4333708,13.4421965
4025698,Diamantvägen,16958,ALSTRUM 1:40,Diamantvägen ,1780,,59.4773365,13.5842466
4025699,Svinbäcksbacken,17199,NORRSTRAND 1:1,Svinbäcksbacken ,1780,,59.3960932,13.5348873
4025700,ÅVC Våxnäs,17337,HINDERBANAN 1,Nya Depåvägen 2,1780,,59.3902922,13.4841286
4025701,Kronoparken,99151,TRIBUNEN 1,Gustaf Frödings Gata 8,1780,,59.4006539,13.5907786
4025702,Färjestad; vid travbanan,99152,FÄRJESTAD 2:1,Annebergsvägen ,1780,,59.406897,13.5070057
4025703,Vålberg; mittemot ishallen,99179,STORA BÅRUM 1:24,Skruvstavägen ,1780,,59.4025582,13.187272
4025704,"Flygfältsvägen, vid Golfrestaurangen",99250,SOMMARRO 1:29,Flygfältsvägen ,1780,,59.3608097,13.4724328
4025706,Lamberget,99251,LAMBERGET 1:1,Wallbergsgatan ,1780,,59.3800493,13.5326943
4025707,Klara; vid Tingvalla IP,99252,KLARA 1:11,Regementsgatan ,1780,,59.3850667,13.4908988
461526,Nolbygatan,,Broängen 1:1 ,Nolbygatan,1781,,59.32021,14.09669
461530,Karlagatan,,Sunneberg 1:36,Karlagatan,1781,,59.31911,14.13717
461531,ICA Maxi,,Eken 2:1,Närkevägen 28,1781,,59.31215,14.1277
461536,S:a Staketgatan,,Bro 1:1,S:a Staketgatan 40,1781,,59.30685,14.10585
461538,PEKÅS,,Karlsholm 1:18,Oscarsborgsgatan 6 ,1781,,59.31944,14.11389
461540,Östanvinden ,,Östanvinden 3,Östanvinden 1,1781,,59.33334,14.08855
04107896,"ÅVS RÅDA, ÅHSTRÖMS LIVS",,RÅDA 1:268,RÅDAVÄGEN 31,1783,,60.0095147929651,13.5987918318233
10582,Annelund återvinningsstation,,,"Annelundstorget, Säffle",1785,,59.13889,12.90861
16500,Guttane återvinningsstation,,,"Karlavagnsvägen 2, Säffle",1785,Guttane handelsområde,59.12889,12.88694
LAX_15555,LAXÅ ÅVC,,LAXÅSKOGEN 1:311,STORÄNGSVÄGEN 8,1860,,58.987859996018,14.6368350069233
LAX_8780,HASSELFORS,,HASSELFORS 4:47,HYTTVÄGEN,1860,,59.0950710398281,14.6546565701449
LAX_8783,LAXÅ CENTRUM,,BJURSNÄS 1:3,SKOLGATAN,1860,,58.9846833001567,14.6184924040232
HAL_14438,VRETSTORP,,VIBY 3:3,RABOGATAN,1861,,59.0212218906688,14.8670949288761
HAL_16256,ÖSTANSJÖ,,ÖSTANSJÖ 1:34,HALLSBERGSVÄGEN 82,1861,,59.0441599981537,14.9790309919829
79084,Universitetet/Brickeberg ÅVS,,ALMBY 11:242,Åstadalsvägen 11,1880,,59.250888881324,15.2439789979845
79093,Höglunda ÅVS,,Handtaget 7,Höglundagatan 17,1880,,59.2860795111559,15.2306213985199
79094,Vintrosa ÅVS,,Östra Via 1:55,Holmsätersvägen 2,1880,,59.2510567060865,14.9602445652506
79095,Väster - Norra Bangatan ÅVS,,Olaus Petri 3:7,Norra Bangatan 7,1880,,59.2807717080855,15.2120665616445
79096,Väster - Västerplan ÅVS,,Mikael 2:94,Ullavigatan 35,1880,,59.2809572912297,15.197958725809
79098,Lillån ÅVS,,Postväskan 1,Kåvivägen 15,1880,,59.3155900119799,15.2220061775188
79099,Österplan ÅVS,,Gasklockan 15,Österängsgatan 8,1880,,59.2655158060445,15.2355637769409
79100,Ervalla ÅVS,,Ervalla 3:1,Hembygdsvägen 1,1880,,59.4392794170227,15.2414725089398
79101,Hovsta ÅVS,,Hässelby 2:11,Kårstavägen 31,1880,,59.3467109523965,15.2358797603088
79102,Garphyttan ÅVS,,GARPHYTTAN 5:189,Kilsvägen 1,1880,,59.304647789515,14.9462827234124
79103,Glanshammar ÅVS,,Skölv 2:25,Kemivägen 2,1880,,59.3153148288397,15.4107854235279
79105,Gällersta ÅVS,,Attersta 12:7,Forngårdsvägen 27,1880,,59.1953607929781,15.2294113136164
79106,Adolfsberg - Adolf Mörners Plan ÅVS,,NIKOLAI 3:117,Adolf Mörners Plan 4,1880,,59.2480947267751,15.1670310033905
79107,Mosås ÅVS,,TÖRSJÖ 3:12,Viktor Dahléns Väg 2,1880,,59.2000756213249,15.1506383673649
79109,Kilsmo ÅVS,,Kilsmo 6:118,Gröngårdsvägen 18,1880,,59.0703784807336,15.5377284790792
79121,Latorp ÅVS,,Värberg 13:1,Fabriksvägen 9,1880,,59.274830243135,14.9946769909312
79122,Lillkyrka ÅVS,,Åsta 5:1,Kärsta 904,1880,,59.3284548823351,15.5048622425422
79125,Ölmbrotorp ÅVS,,ÖLMBROTORP 1:1,Stationsvägen,1880,,59.3877730034664,15.2415038706171
79127,Eurostop ÅVS,,ARGONET 7,Ozongatan 2,1880,,59.2979969304509,15.2059923673702
79128,Närkes Kil ÅVS,,Kils Prästgård 1:2,Vallbyvägen 10,1880,,59.3695649373996,15.0810067880228
79129,Baronbackarna ÅVS,,REVYN 4,Hjalmar Bergmans Väg 1 B,1880,,59.2880833335705,15.2035550391866
79132,Haga Centrum ÅVS,,VINDFLÖJELN 6,Vaktelvägen 2,1880,,59.2749806609474,15.1629392708139
79133,Marieberg IKEA ÅVS,,Mosås 2:68,Kundvägen 4,1880,,59.2111914018693,15.1317754597623
79134,Marieberg Galleria ÅVS,,Rävgräva 4:1,Köpvägen 9,1880,,59.2201597544485,15.1373048879253
79474,Asker ÅVS,,FISKINGE 20:1,Fiskingegården 0,1880,,59.1532292812002,15.4341826054306
79475,Hampetorp ÅVS,,Hampetorp 1:28,Vinögatan 30,1880,,59.1432014600048,15.6721049937205
79476,Stora Mellösa ÅVS,,ALM 1:30,Mällsavägen 15,1880,,59.2097052007652,15.5005489007534
79477,Brevens Bruk ÅVS,,BREVEN 1:33,Smedvägen 1,1880,,59.0163856210117,15.5796994226112
79478,Odensbacken ÅVS,,Hummelsta 12:62,Industrivägen 20,1880,,59.1638512825048,15.5347104966196
82578,Tappstället ÅVS,,TAPPSTÄLLET 1,Gustavsviksvägen 2,1880,,59.2631163022372,15.1954479844582
83889,Rosta ÅVS,,STJÄRNSPELET 2,Västra Vintergatan 11,1880,,59.2704357802094,15.1888435652191
83908,Mellringe ÅVS - inne på ÅVC,,LÄNGBRO 2:144,Ekersvägen/Runnabyvägen,1880,,59.3024845491718,15.1561180186139
83909,Atleverken ÅVS,,ATTERSTA 7:8,Tippvägen 1,1880,,59.2188392273117,15.2213425985543
84084,Universitetet/Ica Maxi ÅVS,,DRAGONEN 1,Sörbyängsvägen 26,1880,,59.2521883523735,15.2313950008324
84235,Hampetorps Camping ÅVS,,KATRINEBERG 2:3,Lännäs 163,1880,,59.1442582644726,15.6621034949133
86019,Adolfsberg - Ristipp ÅVS,,NIKOLAI 3:227,Bergavägen,1880,,59.23537862848,15.1849186418553
26555,Marsvägen 1,,Mars 1,Marsvägen 1,1881,,59.1302412432124,15.1190286384295
ASK_107,ASKERSUND FLORAGATAN,,ASKERSUND 1:37,FLORAGATAN,1882,,58.8850365036543,14.9077151931859
ASK_108,ASKERSUND COOP,,IDROTTSVÄGEN 1,TORSTEN KARLSSONS VÄG 1,1882,,58.8857388103778,14.9080531064326
ASK_116,RÖNNESHYTTA,,RÖNNESHYTTA 1:35,HYTTVÄGEN 10,1882,,58.9228009441635,15.0413744630142
ASK_12700,LERBÄCKS TEATER,,LERBÄCK 1:48,LERBÄCK GÄSTGIVAREGÅRD 315,1882,,58.9553204272643,15.0596060096304
ASK_16769,ÅMMEBERG,,TOMTEVIK 1:8,HAMNVÄGEN,1882,,58.8641902482333,14.9979354137274
ASK_16908,ASKERSUND ÅVC,,ASKERSUNDSBY 1:30,ULLAVIVÄGEN 6,1882,,58.8921199965943,14.8970999975311
ASK_99236,OLSHAMMAR RENINGSVERKET,,OLSHAMMAR 6:17,BRUKSVÄGEN,1882,,58.7536099981356,14.7988909971427
188311,P-plats mot E 18,,BREGÅRDEN 2:77,Skolgatan 5,1883,Karlskoga,59.323918,14.516645
18835,Vårdhemsparken,,AGGERUD 2:33,Mineralvägen 10A,1883,Karlskoga,59.313755,14.502052
316616,FRÖVI VANNEBODAGATAN,,NÄSBYBACKA 28:5,VANNEBODAGATAN 12,1885,,59.4656604485437,15.3680783580034
316628,LINDESBERG SÖDRA MÅLE,,YXE 7:5,MÅLE 225,1885,,59.5187970143322,15.2174593703891
316889,RASTPLATSEN RV50,,LINDESHYTTAN 2:3,FOTBOLLSGATAN 22,1885,,59.6025497771365,15.1866034306763
988316,ÅVS 4519 Skateparken vid station Skinnskattebergs,,Prästgården 1:61,Centralvägen 12,1904,,59.8332761764524,15.6949492797204
988233,ÅVS 1435 Surbrunnsvägen Hallstahammar,,Tuna 1:92,Surbrunnsvägen 1,1961,,59.6112018399574,16.2359458166768
988202,"ÅVS 11440 , Statoilmacken Klockartorpet Västerås",,Fanjunkaren 4,Knektgatan,1980,,59.6143369116564,16.5761148210517
988205,ÅVS 11446 Blåsboplan Västerås,,Västerås 1:16,"Vasagatan, Stora parkeringen",1980,,59.6211398108812,16.5359778426996
988212,"ÅVS 11459 Skälby, Vändplan Västerås",,Västerås 2:50,Kummelgårdsgatan,1980,,59.5904827665148,16.4579164253053
988219,ÅVS 11479 Återbruket Ängsgärdet,,Ängsgärdet 7,Malmabergsgatan,1980,,59.6168386612682,16.5643404208374
988237,ÅVS 14741 ICA Supermarket Grytan Västerås,,Idet 1,Norrleden/Grytavägen 1,1980,,59.6378967345444,16.5465118116009
988265,ÅVS 15875 IKEA Erikslund Västerås,,Domkraften S:1 S:1,Domkraftsgatan 2,1980,,59.6082828345963,16.449797443071
988361,ÅVS 99070 Vattentornet Västerås,,Västerås 4:91,Nansengatan,1980,,59.629738068496,16.5425260911341
988486,Skultunabod Bruksgatan,,Kvarnbacka 3:101,Bruksgatan,1980,,59.7207524940994,16.4223026869313
14163,Ovanheden,,OVANHEDEN 4:9,Ovanheden,2021,,60.48028,14.00556
15424,Vansbro Bäckdalen (ÅVC),,VANSBRO SNÖÅN 12:16,Bäckdalen 1,2021,,60.49639,14.16417
5971,Dala-Järna,,MYRBACKA 21:9,Grötholnsväg,2021,,60.54556,14.37778
5972,Nås Centrum,,SKANSBACKEN 53:1,Nås Centrum,2021,,60.45056,14.47889
5973,Vansbro Kroons torg,,VANSBRO CYKELN 1,Kroons torg,2021,,60.51056,14.22139
5974,Björkvägen,,GRÖNALID 3:3,Björkvägen,2021,,60.50667,14.23528
15405,"Täktberget, Djurås (ÅVC)",,,Södra Industrivägen 21,2026,,60.55694,15.14889
15577,Dala Floda (ÅVC),,GAGNEF BÄCKBYN 1:11,Stora vägen,2026,,60.50444,14.78528
16776,Sifferbo Idrottsplan,,SIFFERBO 4:34,Loksvedsvägen,2026,,60.55472,15.22194
16799,Kommunförrådet,,BÄSNA 98:2,Bygdegårdsvägen 5,2026,,60.53694,15.20972
929,Björbo Tempo,,BJÖRBO 47:18,"Björbovägen 18, Björbo",2026,,60.45639,14.73139
931,Dala-Floda Statoil,,FLODA KYRKBY 4:4,Dala-Floda,2026,,60.51,14.80139
932,Djurmo Touringbutiken,,DJURMO 1:11,"Tallvägen, Djurmo",2026,,60.55111,15.2025
933,Djurås söder om ICA,,DJURÅS 3:15,Smedolles väg/S Industrivägen,2026,,60.55833,15.14056
934,Djurås Coop,,SKOGEN 20:1,Djurås,2026,,60.56083,15.13
935,Gagnefhallen ICA,,GRÖNTUV 20:18,Tyskens väg 2,2026,,60.59528,15.0825
936,Mockfjärd IOGT,,,Mockfjärd,2026,,60.49917,14.965
937,Mockfjärd Restaurang Jerusalem,,,Mockfjärd,2026,,60.50917,14.96222
13189,"Norsbro, Allmoge Snickeri",,NORET 60:1,Norsbro,2029,,60.73111,15.01389
13191,"Fornby, vid reningsverket",,FORNBY 57:2,"Fornby, vid reningsverket",2029,,60.76333,14.93194
15406,Limhagen (ÅVC),,LEKSAND NORET 2:37,Limhagen (ÅVC),2029,,60.7475,14.99278
2820,Djura,,DJURA S:97,Grådavägen,2029,,60.60944,15.00944
2821,"Insjön, Mårtas Livs",,ÖVRE HEDEN 5:9,Faluvägen 15,2029,,60.67944,15.09333
2822,Clas Ohlson centrallager,,NEDRE HEDEN 9:69,Vabäcksvägen 3,2029,,60.66833,15.09111
2824,Leksand,,ÖVERMO 16:1,Moskogen,2029,,60.71806,15.01056
2827,Siljansnäs,,BJÖRKEN 200:1,Hallevi IP,2029,,60.77,14.85139
2828,Tällberg,,TÄLLBERG  5:9,Gamla soptippen,2029,,60.82278,15.01222
15407,Drafsån (ÅVC),,RÄTTVIK VIKARBYN 22:10,Österängsvägen 55,2031,,60.88361,15.21111
17341,Reparatörvägen (grusplanen),,RÄTTVIK 1:8,Reparatörvägen ,2031,,60.89,15.11639
4295,"Bingsjö, intill bystuga",,BINGSJÖ 8:22,Lambornsvägen 20,2031,,61.02278,15.64639
4296,"Boda, Reningsverk",,RÄTTVIK OVANMYRA 42:3,Millåkersvägen 11,2031,,60.98861,15.21361
4297,Furudal (ÅVC),,RÄTTVIK ORE KRONOPARK 1:100,Skjutbanevägen 10,2031,,61.16361,15.11472
4298,"Rättvik, Hedslund",,RÄTTVIK SKIDÅKAREN 1,Golfvägen 1 ,2031,,60.89583,15.12472
4299,"Bredvid Coop, Rättvik",,KÖPMANNEN 5,Nordahlsväg,2031,,60.88222,15.11889
4300,Rättvik,,RÄTTVIK MAGISTERN 1,Järnvägsgatan 22 ,2031,,60.88694,15.12194
4301,Ingels,,,Ingels,2031,,60.88694,15.12194
4305,Vikarbyn,,VIKARBYN 2:53,Hjortgårdsvägen,2031,,60.91528,15.03556
349943,Björsjö Bystugan 1  ,,Björsjö 1:76,Björsjö Bystugan 1  ,2061,,60.034913,15.336865
349944,Gubbo förskola,,Simonsbo 4:3,Gubbovägen 165  ,2061,,60.173259,15.325493
349945,Malmen Möllers väg    ,,Morgården 1:67,Möllers väg    ,2061,,60.146512,15.389549
349946,Harnäs IP    ,,Harnäs 14:42,Fabergsvägen    ,2061,,60.149859,15.232549
349947,Jobsbovägen fd. skolan,,By och Bengtsgård S:2,Jobsbovägen    ,2061,,60.163586,15.441344
349948,Malingsbo Dunderbergs väg    ,,Malingsbo 1:11,Dunderbergs väg    ,2061,,59.929108,15.435893
349949,Nyfors    ,,Björsjö Skog 1:2,Nyfors    ,2061,,59.99119,15.29214
349950,Theas väg    ,,Munkbo 7:41,Theas väg    ,2061,,60.147802,15.373564
349951,Ica Pilen    ,,Smedjebacken 3:2,Johan Ahlbäcks plats    ,2061,,60.141125,15.414392
349952,Sveavägen    ,,Smedjebacken 3:2,Sveavägen    ,2061,,60.142392,15.409826
349953,Mogavägen    ,,Smedjebacken 3:1,Mogavägen    ,2061,,60.146247,15.425869
349954,Söderbärke kiosken  ,,Västerby 6:14,Bärkevägen  21  ,2061,,60.070458,15.554421
349955,Vad Stationsvägen    ,,Vad 4:19,Stationsvägen    ,2061,,60.031939,15.64221
349956,Nor ÅVC,,Nor 37:7,Hemshyttevägen  20  ,2061,,60.076578,15.588999
349957,Haggevägen Hjulstocksviken,,Hagge 7:6,Haggevägen    ,2061,,60.126086,15.294819
349958,Nytäppan ÅVC,,Åkaren 2,Industrivägen  8  ,2061,,60.134406,15.395573
14591,Idkerberget,,,Norr om klockspel,2081,,60.37782,15.22865
15867,Kvarnsveden Mellstarondellen,,,Morbyggevägen,2081,,60.50642,15.38967
16316,Torsång,Gamla skroten,,Torsångsvägen,2081,,60.46593,15.56424
16317,Mjälga Infart Ica Maxi mot Ok/Q8,,,Nolåkersgatan,2081,,60.48347,15.44733
16318,Islingby ,,,Grindesgatan/Islingbyvägen,2081,,60.48844,15.45973
16576,Södra BackaHemköp,,,Lustbergsvägen,2081,,60.47051,15.44101
17635,"Sellnäs, Gamla idrottsplatsen",,,Sör Sellnäs ,2081,,60.41335,15.38287
17647,Bullermyren,,,Masergatan 1,2081,,60.49397,15.4223
7134,Tjärna ängar,,,Centrum,2081,,60.49785,15.39755
7135,"MinMatbutik, parkeringen",,,Tyllsnäsvägen 4,2081,,60.46183,15.47624
7139,Medväga,,,Uppfartsvägen,2081,,60.52171,15.43706
7141,Sulfitvägen Kvarnsveden,,,Sulfitvägen ,2081,,60.5175,15.41885
7145,Norr Amsberg,,,Bakom kapellet,2081,,60.58722,15.61889
7148,Domnarvets centrum,,,Tolvmilavägen 3,2081,,60.52912,15.35494
7149,Tjärna,,,Ekorrstigen,2081,,60.49785,15.39755
7152,Skräddarbacken,,,Gös Eriks väg,2081,,60.465,15.36665
7153,Jakobsgårdarna,,, Jaxtorget,2081,,60.48411,15.40432
7154,"Skräddarbacken,",,,Kalles väg,2081,,60.47694,15.37397
7155,"Centrum, Maxim",,,"Maximparkeringen, Målargatan",2081,,60.48425,15.43695
7157,Forssa,,,Per Smedsgatan/Åmbergsgatan,2081,,60.50192,15.42864
7158,Skräddarbacken,,,Pligg Eriks väg,2081,,60.4689,15.36029
7160,Hagalund,,,Tångringsgatan,2081,,60.48819,15.42162
7161,Hagalund,,,Vasagatan,2081,,60.48625,15.42633
7164,ICA Ornäs,,,Kolstigen 1,2081,,60.50864,15.54277
7165,Romme ,,,"Rommecentrum, Marschgatan 20",2081,,60.44091,15.49145
10590,Karlsbogårdarna,,ÖVRE HEDEN 26:1,Carusovägen,2082,,60.341591,15.784136
10593,Mora BY,,MORA 44:5,Färdvägen 2,2082,,60.404972,15.590547
10594,Solvarbo,,SOLVARBO S:71,Ravinvägen,2082,,60.389769,15.666348
10595,Kyrkbyn,,LANDA 95:6,Villavägen ,2082,,60.403527,15.810605
10596,Åsen,,ÅLEN 2,Åsenvägen 2,2082,,60.341037,15.753402
10597,Brandstationen,,SÄTER 4:5,Sturegatan,2082,,60.345321,15.755417
10598,Gruvplan,,SÄTER 3:5,Kungsvägen ,2082,,60.34786,15.756054
10601,Burhagsgatan/bergslagsgatan,,SÄTER 2:1,Burhagsgatan,2082,,60.347083,15.72997
10603,Gustaf adolfsvägen,,LILJAN 3,Gustaf Adolfs vägen,2082,,60.349403,15.746214
15409,Säter ÅVC,,JÖNSHYTTAN 1:1,Jönshyttan 3,2082,,60.33836,15.677132
16845,Enbacka,,ENBACKA 1:27,Solbergavägen,2082,,60.414882,15.601894
120,Axel Johnssons väg 117,,MAJSEN 3,Axel Johnssons väg 117,2084,,60.14255,16.156387
123,Plusparkeringen bredvid Bildelar,,AVESTA 3:15,Köpmangatan,2084,,60.146889,16.170701
125,P-Plats Torsgatan 22,,AVESTA 2:59,Torsgatan 22,2084,,60.141556,16.186659
132,Fäbodvägen 6 Horndal,,INGEBORGBO 45:1,Fäbodvägen 6,2084,,60.284677,16.402318
135,Ponsbachs Väg 17 Krylbo,,BÄCKVRETEN 2 och 3,Ponsbachs Väg 17,2084,,60.125535,16.20954
141,Klockarvägen 35 Skogsbo,,SKOGSBO 1:1,Klockarvägen 35,2084,,60.164225,16.17628
17115,Gruvgärdets återvinningscentral,,KRYLBO 8:17,Lastgatan 6,2084,,60.118313,16.209142
17722,Apoteket Horndal,,HORNDALS BRUK 2:23,Åsvägen 3,2084,,60.295713,16.409762
7063,P-plats kyrkan Folkärna,,FOLKÄRNA PRÄSTGÅRD 1:17,Väg 700,2084,,60.151778,16.312759
7064,ICA Nära Fors,,VÄSTANFORS 15:2,Kopparvägen,2084,,60.207321,16.30954
7065,Väg 705/Pumpvägen Hede,,ÖSTANHEDE 19:1,Pumpvägen/Hedevägen,2084,,60.240612,16.431664
7068,Handelsträdgården Karlbo,,KARLBO 15:1,Folkaregatan/Backvägen,2084,,60.118769,16.246758
7069,Karlfeldtsgården Karlbo,,KARLBO 15:1,Brunnbäcksvägen,2084,,60.124793,16.251649
7070,COOP Krylbo,,KRYLBO 6:6,Smidesgatan,2084,,60.131032,16.212953
7072,Stationsgatan Krylbo,,BRINKEN 2,Stationsgatan,2084,,60.132629,16.21536
7073,Nordanöleden/Junovallen,,NORDANÖ 8:1,Junovallen 1,2084,,60.147653,16.238125
7074,Vid f.d. Näs Verkstäder,,NÄS 1:29,Kolhusvägen 3,2084,,60.178095,16.478729
7075,Vid f.d. Tempo Skogsbo,,SKOGSBO 32:1,Birger Carlssons väg,2084,,60.157926,16.180743
7078,Högboleden vid info.skylten,,ÅSBO 9:1,Högboleden,2084,,60.154125,16.197251
901000,Björnhyttan ÅVC,,Björnhyttan 1:9,Saxdalsvägen 60  ,2085,,60.135152,15.021817
901001,Fredriksberg Stationsbacken,,Fredriksberg 1:38,Stationsbacken 7  ,2085,,60.141154,14.378266
901002,Grangärde OKQ8 ,,Saxhyttan 4:420,Gärdesvägen  3  ,2085,,60.270916,14.98317
901003,Grängesvallen,,Laritstorp 6:27,Björkallén,2085,,60.086061,15.013712
901005,Grottvägen,,Ludvika gård 1:397,Grottvägen,2085,,60.133611,15.183722
901006,Håksberg,,Persbo 64:100,Håksberg,2085,,60.186289,15.20524
901007,Knutsbovägen,,Knutsbo 7:221,Knutsbovägen,2085,,60.126665,15.194938
901008,Axvägen,,Gärdet 1,Axvägen 1,2085,,60.130086,15.18338
901009,Magnetbacken/Grottvägen,,Ludvika 4:26,Magnetbacken/Grottvägen,2085,,60.140715,15.181453
901010,Nyhammar torget,,Saxhyttan 4:13,Nyhammar torget,2085,,60.292535,14.970589
901012,Elljusspåret Högberget,,Ludvika 6:1,Högbergsgatan,2085,,60.137726,15.198124
901013,Sörvik Digervålavägen,,Sörvik 27:63,DIGERVÅLAVÄGEN    ,2085,,60.185175,15.156659
901014,Ställviksberget,,Sörvik 27:63,Hammarbacksvägen,2085,,60.161738,15.181505
901016,Coop Nära Sunnasjö,,Sunnansjö 18:7,Botbergsvägen,2085,,60.216269,14.957754
901017,Arthur Falcks väg,,Örntorp 3:1,Arthur Falcks väg,2085,,60.076256,14.981344
901019,Fredriksberg ÅVC,,Säfsen 3:24,Tyforsvägen 20  ,2085,,60.144017,14.355626
901020,Sporthallen Ludvika,,Ludvika 6:1,Prästgårdsvägen 13  ,2085,,60.151765,15.192414
901021,Hllängens IP,,Ludvika 6:20,Grågåsvägen 4  ,2085,,60.149278,15.210704
14880,Sörfjärden,,GNARPS MASUGN 1:36,Vid väg 787 strax före Festplatsen,2132,,62.033255,17.423083
3698,Bergsjö,,BERGSJÖ KYRKBY 9:2,Skolvägen ishockeyrinken,2132,,61.983879,17.05758
3699,Gnarp,,VALLEN 20:9,Korsning Bergevägen/Södra vägen,2132,,62.053174,17.24302
3700,Harmånger,,RÖSTA 8:2,Norråkervägen,2132,,61.92895,17.218852
3701,Hassela,,NORDANBRO 11:1,Fribergsvägen,2132,,62.108521,16.712878
3702,Ilsbo,,ÖSTANÅ 3:58,Kyrkvägen vid Tvättskrubben,2132,,61.856554,17.049874
3704,Norrfjärden,,NORRFJÄRDEN 4:1,Ragvaldsnäsvägen vid gamla Ica,2132,,62.063015,17.418615
6921,Stocka,,STOCKA 3:21,Morängsvägen 7 vid Folkets Hus,2132,,61.899727,17.33568
307364,Järnvägsgatan vid Försäkringskassan,,Heden 4:118,Järnvägsgatan,2183,,61.352376,16.394431
307367,G:A Ica Kvantum,,Skidan 9,Hamrevägen,2183,,61.354583,16.388555
307371,"Rektorsgatan, bakom restaurang Barbros",,Bro 5:10,Rektorsgatan,2183,,61.347497,16.397696
307374,"Virvelvägen, Ica träffen",,Ren 30:1,Virvelvägen,2183,,61.360926,16.421213
8157,"TIPPVÄGEN, Hudiksvall",,STRAND 3:1,TIPPVÄGEN 1,2184,,61.71472,17.09111
11598,"Torpshammar, Konsum","Torpshammar, Konsum",KLÖSTRE 2:53,Torpshammarsvägen 3,2260,,62.47417,16.33139
107451,Kvissleby fd. OK-Q8,,NOLBY 5:386,ÅVS Njurundavägen 125,2281,,62.2938701139801,17.3784291740333
107454,Nedansjö IP,,NEDANSJÖ 20:4,ÅVS Kvarnsvedsvägen 22,2281,,62.3830419684875,16.8352067470739
107456,Stöde IP,,EDE 6:3,ÅVS Edsta 223,2281,,62.411875068588,16.5751927733382
107457,Sundsvall Västra station,,VÄSTERMALM 1:1,ÅVS Norra Järnvägsgatan 7,2281,,62.3901034233083,17.2908228640629
107462,Bosvedjan centrum,,BYDALEN 2:1,ÅVS Bäckebovägen 12,2281,,62.4185412448973,17.3343229285626
107468,Kovland (väg 320 mot Holm),,YTTERKOVLAND 1:6,ÅVS Viljansvägen 50,2281,,62.475782142724,17.1446476396664
107470,Skönsmon ICA Kubiken,,FISKAREN 19,ÅVS Fridhemsgatan 81,2281,,62.3769833458789,17.3474692608001
107475,Viskan,,EDE 48:4,ÅVS Viskansvägen/Västra Edebovägen,2281,,62.4391618899517,16.4506208889866
24381,Mällbyvägen,,Björsta 8:78,Mällbyvägen-Östbygatan,2282,,62.932471295991,17.757060814337
24382,Viktoriagatan,,Björsta 8:9,Björstagatan-Viktoriagatan,2282,,62.9296126077777,17.7752313974798
24383,Ådalshallen,,Gymnasiet 1,Sporthallsgatan,2282,,62.9307765954325,17.7841625967224
24384,Brunnevägen,,Limsta 18:326,Brunnevägen-Timmergatan,2282,,62.9370352564982,17.8023162114178
24385,Bollstabruk,,Bollsta 6:15,Stationsvägen,2282,,62.9981101027339,17.6766430812553
24386,Frånö,,Frånö 8:75,Frånövägen-Björknäsvägen,2282,,62.9044494791508,17.8353755821988
24387,Docksta,,Docksta 5:124,Dockstavägen 30,2282,,63.0546446583987,18.3290199474906
24388,Verdandi,,Nora-Klocke 2:48,Verdandi-Liavägen 10,2282,,62.8810384616609,17.907837933824
24389,Lunde,,Lunde 2:3,Bussplan-Tullgatan,2282,,62.8804568397598,17.8702714061935
24390,Lugnvik,,Lugnvik 29:1,Hallstavägen,2282,,62.9285169706264,17.9080161281193
24391,Mjällom,,Nordingrå-Mjällom 1:19,Petsamovägen-Södervägen,2282,,62.9854512065764,18.4313332625304
24392,Noraström,,Nora Prästbord 1:2,Prästbordet 201,2282,,62.8727328226786,18.0872970590949
24393,Nordingrå,,Nordingrå Prästbord 1:140,Kyrkåkersvägen,2282,,62.9275169564237,18.2941678773997
24394,Nyland,,Nyland 5:19,Borgargatan-Viaduktsgatan,2282,,63.006563926926,17.7607969356363
24395,Sandslån,,Kungsgården 4:3,Dannero travbana,2282,,63.0229671492471,17.8065239080275
24396,Ullånger,,Ullångers-Utvik 2:31,Centrumvägen-Stationsgatan,2282,,63.0127182236894,18.1905963769763
24397,Väja,,Dynäs 21:3,Dysjövägen-Sportvägen,2282,,62.9723104624612,17.7071978018143
24400,ÅVC Höga Kusten,,Ullånger-Utvik 4::51,Rödviken 102,2282,,63.0003358329623,18.2164337418849
24401,Högberget,,Dynäs 17:4,Högbergsvägen 10,2282,,62.9567692592019,17.7207414790126
223204,Edsele Affären Åvs,,ÖDSGÅRD 3:73,Ödsgårdsvägen 4,2283,,63.4030723314515,16.5445595136708
223205,Helgum Stationsområdet Åvs,,ÖSTERGRANSJÖ 10:1,Centrumvägen 18,2283,,63.1513458092751,16.9505171636947
223206,Junsele Ok/Q8 Åvs,,JUNSELE-ÖSTANBÄCK 1:25,Köpmangatan 4,2283,,63.6950807492874,16.8800912119531
223207,Långsele Åvs,,LÅNGSELE 3:177,Stationsgatan 2 A,2283,,63.1771654386827,17.0610088439682
223208,Näsåker Macken Åvs,,NÄSÅKER 2:51,Storgatan 47,2283,,63.4407568776488,16.9105233987082
223209,Ramsele Busstation Åvs,,RAMSELE-NYLAND 2:67,Nipvägen 4,2283,,63.5368357077438,16.4686450291324
223210,"Resele, Myre Ip Åvs",,MYRE 7:83,Myre 221,2283,,63.3330154371367,17.0700255501968
223211,Sollefteå Gärdesgatan Åvs,,SOLLEFTEÅ-VÄSTANBÄCK 5:1,Gärdesgatan 48,2283,,63.1628424328055,17.2610837738118
223212,Sollefteå Stora Coop Åvs,,GAMLA PLATSEN 7,Storgatan 80,2283,,63.1648426383373,17.2791232190117
223213,Sollefteå Nipvallen Åvs,,ROSEN 1,Nipvallavägen 2,2283,,63.1655952033586,17.2945491363222
223214,Sollefteå Circle K Åvs,,BAGGEN 1,Långgatan 21,2283,,63.171667634218,17.2492606297988
223215,Sollefteå Strömsborg,,STRÖMSBORG 1,Strömsborg 1,2283,,63.1701644839682,17.2647116842745
223216,Sollefteå Söderleden,,SEGRAREN 1,Söderleden 2,2283,,63.1566673059532,17.2790739781493
223217,Remsle Ica Nära Åvs,,SLAKTAREN 1,Norra Ådalsvägen 63,2283,,63.1781769605067,17.2736759114082
223218,Ica Kvantum Åvs,,HÅGESTA 3:127,Hågesta 227,2283,,63.1617600830651,17.2905589002091
223219,Undrom Bensinstation Åvs,,UNDROM 1:42,Undrom 143,2283,,63.1182236418544,17.7439478524757
223220,"Rödsta Åvc, Åvs",,SOLLEFTEÅ-RÖDSTA 5:18,Skällmyran 101,2283,,63.1500490622013,17.1912826963967
223222,"Edsbackens Åvc, Åvs",,EDSBACKEN 1:91,Edsbacken 125,2283,,63.7069361762193,16.7896643521868
4429983,Må återvinningscentral,,MÅ 1:3,Returvägen 9,2284,,63.3019655947241,18.7677073373502
4430000,Gottnevägen  ,,GOTTNE 8:14,Gottnevägen   ,2284,,63.4270653686055,18.4273346895443
4430001,Örtagårdsvägen  ,,SVARTBY 2:237,Örtagårdsvägen   ,2284,,63.3093500709525,18.751515880794
4430014,"Må, Utanför grindarna till Må ÅVC",,ÅVS,Returvägen ,2284,,63.3024955013646,18.7619446957413
4430016,"Sidensjö, Brandstation",,SIDENSJÖ PRÄSTBORD 1:60,Angermannus Väg ,2284,,63.2975879062935,18.2862667137455
4430017,Droskgränd  ,,SUND 1:33,Droskgränd   ,2284,,63.2668757019807,18.6889559892728
4430018,Fannbyvägen  ,,BREDBYN 20:29,Fannbyvägen   ,2284,,63.4497228351348,18.1151374344588
4430022,"Långviksmon, fd Järnvägsstation",,BJÖRNA-LÅNGVIKEN 1:71,Lomvägen ,2284,,63.6313383638767,18.6929757455298
4430024,"Skorped, Fotbollsplan Väg 908",,SKORPED 1:6,Skorpedsvägen ,2284,,63.3840298665614,17.8490862519646
4430025,"Domsjö, Fotbollsplan",,DOMSJÖ 31:105,Gamla Domsjövägen ,2284,,63.2615004779872,18.7104532294918
4430026,Tonvägen  ,,BJÄSTA 43:5,Tonvägen   ,2284,,63.2004867191679,18.4998455212671
4430027,"Gideå, Gideå Livs P-plats",,NORRGISSJÖ 5:51,Bergforsvägen,2284,,63.4814869157887,18.9725082129684
4430028,Björnavägen  ,,KROKSTA 18:1,Björnavägen   ,2284,,63.3167845016261,18.6921023594864
4430029,Bonäsvägen  ,,NEDERÖN 1:11,Bonäsvägen   ,2284,,63.2585606141098,18.7779746025046
4430030,Centralgatan  ,,TREHÖRNINGSJÖ 1:359,Centralgatan   ,2284,,63.6938742975558,18.8664630270481
4430031,"Flärke, Hembyggsgården Flärke",,ÅVS,Flärkemon,2284,,63.5759132694495,19.0396207085924
4430032,Gimåtvägen  ,,GIMÅT 1:63,Gimåtvägen   ,2284,,63.3173819566322,18.7072641936866
4430033,Granitvägen  ,,ÖVERHÖRNÄS 2:8,Granitvägen   ,2284,,63.2879475108267,18.5563500637249
4430034,Hummelviksvägen  ,,HUMMELVIK 4:83,Hummelviksvägen   ,2284,,63.1680252418828,18.5622120896248
4430035,Hässjevägen  ,,SOLBERG 1:196,Hässjevägen   ,2284,,63.7883222697576,17.632751046785
4430036,Järvhagavägen  ,,JÄRVHAGA 2,Järvhagavägen   ,2284,,63.284499482048,18.7462334884717
4430037,Björkvägen  ,,ÅVS,Björkvägen   ,2284,,63.5454299851143,18.6106135518395
4430038,Centrumgatan  ,,MELLANSEL 1:103,Centrumgatan   ,2284,,63.4264709442699,18.3088791208029
4430039,"Hemling, Hemlings Lanthandel",,BJÖRNA-HEMLING 17:2,Hemling,2284,,63.6510755508429,18.5460070604438
4430040,Hörneborgsvägen  ,,HÖRNETT 47:1,Hörneborgsvägen   ,2284,,63.272287353438,18.6936258055391
4430041,Karlslundsvägen  ,,ÖVERSJÄLA 14:4,Karlslundsvägen   ,2284,,63.2942842179646,18.6226925497482
4430042,"Kubbe, Korsningen väg 348/1039",,KUBBE 7:26,Kubbe,2284,,63.5207921643304,18.0602897989328
4430043,Myckelgensjö  ,,MYCKELGENSJÖ 5:17,Myckelgensjö   ,2284,,63.5783070899392,17.5939928980947
4430045,Mycklingsvägen  ,,SJÄLEVADS-MYCKLING 1:47,Mycklingsvägen   ,2284,,63.3004673552691,18.6058361700703
4430046,Torsvägen  ,,ÖRNSKÖLDSVIK 6:1,Torsvägen   ,2284,,63.2991478292701,18.7268909908352
4430047,Vegagatan  ,,ÖRNSKÖLDSVIK 8:24,Vegagatan   ,2284,,63.29214024014,18.7214347101053
4430049,"Åsdalen, Vid vändplanen",,ÖRNSKÖLDSVIK 3:1,Västra Dalgatan ,2284,,63.2942157772864,18.7002812564755
4430050,Wibergsvägen  ,,DOMBÄCK 1:161,Wibergsvägen   ,2284,,63.3347635300613,19.145955775091
4430051,Ångermanlandsgatan  ,,RENEN 1,Ångermanlandsgatan   ,2284,,63.2981232540406,18.7174411796716
4430054,"Trysunda, Vid Kajen",,ÅVS,Trysunda,2284,,63.1383320021086,18.7879315914414
4430055,"Ulvön, Framför båthuset",,ÅVS,Fjären ,2284,,63.0489184621271,18.6386494693419
4430056,"Ulvön, Vid reningsverket",,ÅVS,Ulvö Hamngata 210,2284,,63.0192093663985,18.6452596462563
4430085,Bjästa återvinningscentral,,NORRSVEDJE 20:15,Ariavägen 3,2284,,63.201397308528,18.4873980503812
4430086,Björna återvinningscentral,,BJÖRNA 2:232,Hagvägen 5,2284,,63.5531739928936,18.6036356874092
4430087,Bredbyn återvinningscentral,,ANUNDSJÖ PRÄSTBORD 1:233,Prästbordet 205,2284,,63.4374580981291,18.1460432546342
4430088,Husum återvinningscentral,,DOMBÄCK 1:481,Dombäck 241,2284,,63.3528194384605,19.1100072692165
230502,"GÄLLÖ, VÄGVERKET",,GÄLLÖN 5:1,REVSUNDSVÄGEN 6,2305,,62.91639,15.23528
49402,ÅVS Dvärsätt Grönänge,,Fannbyn 2:40,Dvärsätt,2309,,63.295276,14.48702
49407,ÅVS Krokom Snickerivägen,,Hissmoböle 2:334,Krokom Snickerivägen,2309,,63.328564,14.445535
49415,ÅVS Trångsviken,,Mo 1:96,Trångsviken,2309,,63.332914,14.009148
115054,LIP Backe Hälsocentral,,BACKE 15:1,Lasarettsvägen,2313,,63.8082141931808,16.4067181603251
115056,LIP Hammerdal Gamla Konsum,,HAMMERDAL 4:57,Storgatan,2313,,63.5798808372232,15.3526162335573
115057,LIP Hoting Folkets Hus,,HOTING 2:337,Parkgatan,2313,,64.1176161233398,16.2051607666181
115058,Gubbhögen Flåsjö Bua,,GUBBHÖGEN 1:32,Gubbhögen,2313,,64.2171537242417,15.5667516249024
115059,CUS Jorm Skoterinfo,,JORM 1:311,Jormvattnet,2313,,64.7226532135871,14.0372071229639
115060,"CUS Lidsjöberg, Vildmarksaffären",,LIDSJÖBERG 1:6,Lidsjöberg 105,2313,,64.3078594558453,15.2378726544981
115061,Norråker Preem,,TÅSJÖ-NORRBY 1:130,Borgavägen 9,2313,,64.4360354105699,15.5928824671749
115063,Sikås fd Timmerterminalen,,SIKÅS 6:32,Sikås Stationsvägen,2313,,63.6268053111035,15.2183648014528
115066,Kyrktåsjö ICA Nära,,TÅSJÖ 1:166,Kyrktåsjö Köpmangatan 11,2313,,64.2228659172953,15.9037032238626
115070,CUS Gäddede Brogatan,,GÄDDEDE 1:318,Brogatan 22,2313,,64.5028940726108,14.1411606539933
115073,"CUS Brattbäcken, vid gamla skolan",,BRATTBÄCKEN 1:150,Brattbäcken 895,2313,,64.2673643358152,15.7770099330667
115101,LIP Blomstervägen,,MASKROSEN 15,Blomstervägen,2313,,63.8625490673794,15.5564956067594
115103,CUS Näsviken golfbanan,,STRÖMS-NÄSET 1:217,Näsviken golfbanan,2313,,63.8486623265449,15.5320241823457
115104,CUS Kakuåsen,,KAKUÅSEN 1:160,Kakuåsen,2313,,63.7220744887924,14.9514584538407
115105,CUS Backe Vattentornet,,BACKE 1:147,Vattentornet,2313,,63.8094841585866,16.4134668057639
115106,Hammerdal Lievägen,,HAMMERDAL 3:81,Lievägen,2313,,63.587694372102,15.3557700614355
115108,CUS Lövvik,,LÖVVIK 1:27,Lövvik,2313,,64.1878957504511,15.9077685024315
115109,CUS Lövberga,,LÖVBERGA 1:78,Lövberga,2313,,63.965175218761,15.8528114117806
115111,CUS Gäddede Södra,,GÄDDEDE 1:380,Strömsvägen,2313,,64.4941875955377,14.1490601306663
115112,"CUS Rossön Näsvägen, gamla reningsverket",,BODUM 1:45,Näsvägen,2313,,63.919443653334,16.333713204394
115123,CUS Strömvallen,,GRELSGÅRD 3:47,Ramselevägen,2313,,63.8460319357045,15.5760392917201
115124,CUS Strand,,STRAND 2:28,Strand,2313,,63.8944559480542,15.5362821364193
115125,CUS Vängel,,VÄNGEL 1:37,Vängel 240,2313,,63.7139455441142,16.218390092835
115126,CUS Gåxsjö Tallgläntan,,GÅXSJÖ 2:80,Lomåsen 110,2313,,63.6855382512235,15.1141507960807
115127,CUS Yxskaftkälen Bygdegården,,YXSKAFTKÄLEN 1:41,Yxskaftkälen 540,2313,,63.7789823642167,15.2260881208987
115128,CUS Hotings Reningsverk,,HOTING 2:245,Idrottsgatan 21,2313,,64.1072468704205,16.2106741265577
115129,CUS Siljeåsen,,SILJEÅSEN 1:25,Siljeåsen,2313,,64.2349846893594,15.5801537570749
115130,CUS Järvsand,,JÄRVSAND 1:75,Järvsand 360,2313,,64.0317867163986,15.8101929668541
115131,CUS Östra Havsnäs,,HAVSNÄS 1:257,Östra Havsnäs 325,2313,,64.0716331867715,15.8887932557753
115132,CUS Södra Öhn,,TULLINGSÅS 7:67,Bredkälsflon 120,2313,,63.8455894521867,15.4045626904982
115133,CUS Västertåsjö,,VÄSTERTÅSJÖ 1:88,Västertåsjö 340,2313,,64.3743596122215,15.6938023331412
115134,CUS Fagerdal,,GISSELÅS 2:62,Fagerdal,2313,,63.6766175017659,15.394579247743
115160,CUS Alanäs,,ALANÄSET 2:1,Alanäs,2313,,64.1566206573875,15.6767330163247
115161,CUS Ringvattnet,,RINGVATTNET 1:61,Ringvattnet,2313,,64.1785202416696,15.4236059991928
115162,Cus Hallviken,,HAMMERDALS-SVEDJE 1:1,Hallviken,2313,,63.7269824298396,15.4780629794141
115163,CUS Tullingsås,,TULLINGSÅS 7:15,Tullingsås 210,2313,,63.8240097314726,15.5134201156742
115164,CUS Bredkälen ,,BREDKÄLEN 1:70,Bredkälen 170,2313,,63.844367932227,15.3325699350116
115165,CUS Sjulsåsen,,SJULSÅSEN 1:7,Sjulsåsen,2313,,64.3468668325945,14.7725730375164
115167,CUS Färjsundet,,TÄXAN 2:28,Färjsundet 115,2313,,63.719726266419,15.8297227741674
115168,CUS Lorås ,,LORÅS 2:24,Lorås 210,2313,,63.4968391704107,15.2559159522513
115169,CUS Rudsjö,,RUDSJÖN 1:25,Rudsjö 115,2313,,63.8492790970806,16.027548401088
115170,"CUS Rossön, Ringvägen",,ORRNÄS 4:5,Ringvägen,2313,,63.9323902650877,16.3128604876894
115179,CUS Backe Reningsverk,,FJÄLLSJÖ-SUNNANSJÖ 2:23,Sunnansjö 330,2313,,63.8029872712157,16.396063609691
115181,CUS Stora Blåsjön Östra,,STORA BLÅSJÖN 2:8,Stora Blåsjön,2313,,64.8287943892987,14.1220070373374
115184,CUS Backe Kyrkvägen,,BACKE 29:1,Kyrkvägen,2313,,63.8193703148377,16.3996269686377
115185,"CUS Norråker, reningsverket",,TÅSJÖ-NORRBY 1:121,Skolgatan 19,2313,,64.4340566776822,15.5879530796163
115188,CUS Tåsjöedet,,TÅSJÖ KAPELLJORD 1:1,Tåsjö,2313,,64.160337195921,16.0289457256916
115189,CUS Hillsand,,HILLSAND 1:112,Hillsand,2313,,64.1211792922487,15.2897315692913
115197,CUS Stora Blåsjön Västra,,STORA BLÅSJÖN 2:9,Stora Blåsjön,2313,,64.8331871039214,14.0764584972306
115200,CUS Ankarvattnet,,ANKARVATTNET 1:1,Ankarvattnet,2313,,64.8737761968237,14.239192143533
115201,CUS Ede,,EDE 14:1,Ede 725,2313,,63.5463221793515,15.4130960207888
115202,CUS Kilen,,KILEN 1:19,Kilen 115,2313,,63.4469597328508,15.2720476477208
115203,CUS Junsternäs,,JUNSTERNÄSET 1:1,Junsternäset 220,2313,,64.5535768892505,14.1411556395458
115204,CUS Sikåssågen,,SIKÅS 7:37,Sikås sågvägen,2313,,63.6237370178472,15.2016033234084
115206,CUS Blåsjöfallet,,JORM 1:139,Blåsjöfallet 200,2313,,64.6759573506498,14.08391900704
115207,CUS Jorms skola,,JORM 1:163,Jormvattnet 955,2313,,64.7325213773174,14.0193468088125
115208,CUS Raftsjöhöjden,,RAFTSJÖHÖJDEN 1:12,Raftsjöhöjden 315,2313,,63.615595102173,15.0050703054466
115209,CUS Kyrktåsjö Fotbollsplan,,KARBÄCKEN 1:108,Kyrktåsjö,2313,,64.2302941000764,15.8846216722591
115210,CUS Vågdalen,,VÅGDALEN 1:76,Vågdalen 460,2313,,63.797759777832,15.7049965344074
115211,CUS Alavattnet,,ALAVATTNET 1:59,Alavattnet,2313,,64.0535350979252,15.5461629820847
115223,CUS Valåbränna,,SIL 1:5,Fjällsjösil 170,2313,,63.7592511062124,16.4540710669813
115224,CUS Silsjönäs,,FJÄLLSJÖ-SUNNANSJÖ 2:13,Silsjönäs 195,2313,,63.77770319789,16.3968845257117
115225,CUS Kärrnäset Skalbäcksstugan,,KÄRRNÄSET S:1,Kärrnäset 285,2313,,63.9544481784796,15.2177108003249
115226,CUS Öjarn,,ÖJARN 11:5,Öjarn,2313,,63.9332986833706,15.103812889771
115228,CUS Bränna,,FROSTVIKEN 1:57,Bränna,2313,,64.6482180602188,13.7570904716423
115231,CUS Äspnäs,,ÄSPNÄS 2:29,Äspnäs,2313,,64.0055447376304,15.4280173245642
115233,CUS Fyrås,,FYRÅS 4:5,Fyrås,2313,,63.5213573895253,15.3573887348151
115237,CUS Grenås,,GRENÅS 2:41,Grenås 305,2313,,63.6197694827843,15.4214211498881
115241,CUS Lillviken,,LILLVIKEN 1:25,Lillviken,2313,,64.2318291803244,15.4850070586659
17252,"Storlien, Handelsplats",,,Vintergatan 1,2321,,63.31269,12.10692
1000300,Coop Frösön,,SNICKAREN 7,Trädgårdsvägen 2,2380,,63.1819459928429,14.6181986672216
1000301,Rödövägen/Arnljots väg,,VALLA 11:2,Rödövägen/Arnljots väg,2380,,63.1726760982409,14.5483957939456
1000302,Valla Centrum,,VALLA CENTRUM 11,Önevägen 143,2380,,63.1690513965695,14.5671778576713
1000303,Fåker,,NÄS-ÅLSTA 3:40,Grönviksvägen,2380,,62.9937047965574,14.5798790451985
1000304,Genvalla,,GENVALLA 2:38,Genvalla 245,2380,,63.1553207635459,14.5179346509582
1000305,Häggenås ,,HÄGGESTA 1:59,Gustaf Rystedts väg,2380,,63.3911417089151,14.9033612546726
1000306,Högarna,,KORSMYRBRÄNNA 5:1,Korsmyrbränna 125,2380,,63.417935783282,15.2494402118828
1000307,Lillsjöhögen,,SÄNNSJÖLANDET 1:32,Lillsjöhögen 160,2380,,63.1909686415393,15.1992274148661
1000308,Orrviken,,ORRVIKEN 6:40,Fåkervägen 1,2380,,63.1071699179026,14.4360703529318
1000309,Ringsta Föreningshus,,RINGSTA 2:26,Ringsta 160,2380,,63.4044477292053,14.7497691218372
1000310,Coop Torvalla,,BAKPLÅTEN 3,Barkvägen 4,2380,,63.1583414959713,14.7408939147727
1000311,Ica Odenhallen,,ODENSALA 12:1,Slåttervägen 31,2380,,63.155643713063,14.6817205349549
1000313,Torvalla (Vattentornet),,Torvalla 3:35,Basvägen 19,2380,,63.158446,14.751598
1000314,Blomängen,,ODENSLUND 4:8,Södra Torlandsgatan 26,2380,,63.1680057984807,14.6651697378042
1000315,Odenskog återvinningscentral,,SVARVEN 8,Krubbvägen 6,2380,,63.1667429483185,14.6815529943241
1000316,Lillsjövägen/Svanvägen,,KARTBLADET 1,Lillsjövägen 20,2380,,63.1571075027201,14.711952756842
1000320,Brunflo återvinningsscentral,,BRUNFLO-VIKEN 7:1,Brunflo-Viken 203,2380,,63.0682464933083,14.8396816746465
1000321,ICA Maxi ,,BANDVAGNEN 1,Arenavägen 19,2380,,63.1924483730778,14.6523746867846
1000322,Lit återvinningscentral,,SÖRE 3:80,Östersundsvägen 58,2380,,63.3255842533618,14.8530402069134
1000323,Tandsbyn,,TAND 2:69,Författarvägen 30,2380,,63.0005514442632,14.7434698981313
1000324,"Frösön, Lövsta IP",,FRÖSÖ 2:26,Mällbyvägen 33,2380,,63.1749466560383,14.5895399534362
1000325,Solliden,,KARLSLUND 2:3,Konditorivägen 3,2380,,63.1812976483406,14.661962557393
1000326,Storfjällvägen,,ROSMARINEN 1,STORFJÄLLVÄGEN,2380,,63.1489175111139,14.7265795466929
303026,SJUKAN,,BERGVATTNET 12:1,SJUKHUSGATAN,2425,,64.2585872784418,16.4174318987244
303028,STORGATAN,,ÖRNEN 14,STORGATAN 32 A,2425,,64.26153388342,16.4085699900782
303029,SOFIA,,UGGLAN 2,SOFIAVÄGEN,2425,,64.2629014813087,16.4018498586316
303030,SLALOMBACKEN,,BERGVATTNET 12:1,BYVÄGEN,2425,,64.2674856339772,16.4165282800478
303031,BORGA,,BORGA 7:45,BORGAVÄGEN,2425,,64.8324881648621,15.0269740973029
303032,RISBÄCK,,RISBÄCK 1:25,SKOLVÄGEN 2,2425,,64.7039815431459,15.5368833200553
303033,FJÄLLET,,AVASJÖ 1:12,FJÄLLVÄGEN,2425,,64.8374809431909,15.0872576620291
303034,1052:AN,,AVASJÖ 1:12,1052:AN,2425,,64.8375151581451,15.0968143631383
303035,ORMSJÖ,,VÄSTRA ORMSJÖ 4:32,ORMSJÖ 70,2425,,64.4190005610367,16.0091208068842
303036,LAIKSJÖ,,LAIKSJÖ 1:126,STORVÄGEN 164,2425,,64.226057032279,16.5436734023266
303037,SVANABYN,,SVANABYN 2:45,JUNSELEVÄGEN,2425,,64.1020032780963,16.6432277954212
303040,VILLAN,,FALKEN 1,VILLAGATAN 5,2425,,64.2629428854731,16.4072315453054
303042,ÅVC,,BERGVATTNET 13:3,ÅBRON 6,2425,,64.2614226855077,16.3661512762027
72345,Tjärnvallen,,Granberg 1:2,Volgsjövägen 71,2462,,64.61765,16.6796177
65000088562,ÅVS VULKEN,,ÅSELE 2:194,ADAMSGATAN 1,2463,,64.1625599884061,17.3461986473012
65000088563,ÅVS DAGISET ,,ÅSELE 2:194,FÅGELSTIGEN / HEDVÄGEN 0,2463,,64.1587736518577,17.343435498574
65000088564,Centrum,,.,VASAGATAN 17,2463,,64.1606463315566,17.3519309049474
65000088565,ÅVS SVÄNGEN,,.,SVÄNGVÄGEN 5,2463,,64.1581282533569,17.3607244665742
65000088566,FISKEN,,ÅSELE 2:194,FISKAREGATAN 11,2463,,64.1627681176555,17.3613062031577
65000088567,ÅKARN,,ÅSELE 2:177,VILHELMINAVÄGEN/ÅKARVÄGEN,2463,,64.1695705316872,17.3689062131918
65000088568,FREDRIKA,,VISKA 1:138,UMEVÄGEN 29,2463,,64.0737376110659,18.4149223647906
65000088569,ÅVS LOMSJÖ,,LOMSJÖ 10:1,LOMSJÖ,2463,,64.2027876570557,16.9680128854629
65000088570,ÅVS ÄLGSJÖ ,,ÄLGSJÖ 1:52,ÄLGSJÖ,2463,,64.2026640457484,17.5014362311447
65000088571,ÅVS LILLÖGDA ,,LILLÖGDA 3:29,LILLÖGDA 18,2463,,64.3899243814869,18.0042305015524
65000088572,ÅVS ÖVERRISJÖN,,RISSJÖN 2:9,ÖVERRISJÖN,2463,,64.0575019492288,17.6447293825417
65000088573,ÅVS GAFSELE ,,GAFSELE 35:7,ÖSTRA GAFSELE 94,2463,,64.0044375891913,17.2731174974754
65000088576,Ripan,,RIPAN 1,VÄSTRA HOLMGATAN 2,2463,,64.1612427457432,17.3494870263258
65000088583,Åsele Åvc,,.,Industrivägen 15,2463,,64.1760618944217,17.3671735509545
4415901,ÅVS Ålidhem Biologigränd,10954,LICENTIATEN 1,Åvs Ålidhem Biologigränd 18 ,2480,,63.80806,20.31028
4415907,ÅVS Tomtebo Coop,17238,FÄLTSPATEN 2,Åvs Tomtebo Mineralvägen 7 ,2480,,63.81111,20.33139
4415909,ÅVS Tomtebo Tomtebovägen,16852,TOMTEBO 2:1,Åvs Tomtebo Tomtebovägen/Näckens Väg ,2480,,63.80361,20.35583
4415912,ÅVS Innertavle,16107,INNERTAVLE 17:3,Åvs Innertavle Gamla Sågentomten ,2480,,63.81083,20.38972
4415914,ÅVS Ersboda Stora Coop,15331,SINGELN 1,Åvs Ersboda Formvägen 4 ,2480,,63.85,20.30139
4415954,ÅVS Mariehem,10996,STADSLIDEN 5:1,Åvs Mariehem Mariehemsvägen 9 ,2480,,63.83361,20.32972
4415961,ÅVS Rödäng,11018,BACKEN 4:9,Åvs Rödäng Rödängsvägen/Cellovägen ,2480,,63.84028,20.22111
4415963,ÅVS Sandbacka,12453,STADSLIDEN 2:1,Åvs Sandbacka Sandbackavägen 3,2480,,63.83917,20.275
4415980,ÅVS Umeå,12450,UMEÅ 2:1,Åvs Umeå Parkgatan 4,2480,,63.83056,20.26139
4415981,ÅVS Ålidhem Kuratorvägen,10963,KURATORN 3,Åvs Ålidhem Kuratorvägen ,2480,,63.81694,20.32111
865101,ÅVS Lugnet/Palmsunda,,Lycksele 10:5,STORGATAN   efter nr 103,2481,,64.6067236448776,18.653776353828
865102,ÅVS Centrum/Grubban,,Magistern 1,SKOLGATAN 13,2481,,64.5939624219726,18.6757554751741
865103,ÅVS Södermalm n:a,,Södermalm 1:1,PRÄSTBOLSV/TANNBERGSV,2481,,64.5954317805557,18.6656109754294
865104,ÅVS Södermalm s:a,,Södermalm 1:2,KNAFTV/LJUNGV,2481,,64.5838741321285,18.6586098680016
865105,ÅVS Villaryd,,Lycksele 10:5,GLASBERGSV/VILLARYDSV,2481,,64.5891756367384,18.6789771768286
865106,ÅVS Forsdala/Jonsta,,Forsdala 1:1,GLASTJÄRNSVÄGEN,2481,,64.5845098682208,18.6684698678652
865107,ÅVS Forsdala Dalst,,Lycksele 1:7,DALSTIGEN,2481,,64.5792630644246,18.6828160918644
865108,ÅVS Hällan,,Norrmalm 1:1,KORPST/SORSELEV  (Sågavan),2481,,64.5915232153487,18.6959142979722
865109,ÅVS Norrmalm ,,Norrmalm 1:1,ENVÄGEN,2481,,64.5973593359162,18.7031958763253
865110,ÅVS Furuvik,,Furuvik 1:2,INDUSTRIVÄGEN,2481,,64.5817810970143,18.7035549210941
865130,ÅVS Björksele,,Björksele 2:60,BJÖRKSELE VINDELÄLVSV 49,2481,,64.9867665094197,18.517338523711
865131,ÅVS Bratten,,Bratten 9:1,BRATTEN innan 35,2481,,64.5190172362046,18.3960493465848
865132,ÅVS Gäddträsk,,Gäddträsk 1:22,GÄDDTRÄSK vid byastuga,2481,,64.3967107678601,18.8182735896489
865133,ÅVS Hedlunda,,Hedlunda,HEDLUNDA     Klöverv,2481,,64.540670337547,18.7174204264666
865134,ÅVS Husbondliden,,Husbondliden 1:43,HUSBONDLIDEN  (efter nr 13),2481,,64.7400224767386,18.6685216655601
865135,ÅVS Umgransele,,Umgransele 2:53,UMGRANSELE,2481,,64.6980392940985,18.3751675656174
865136,ÅVS Knaften,,Hedlunda 2:3,KNAFTEN 163,2481,,64.4525032268071,18.6344592789971
865137,ÅVS Kristineberg,,Kristineberg 1:65,KRI-BERG SKOLV ovanför,2481,,65.0621134119918,18.5812286542552
865138,ÅVS Rusksele,,Rusksele 2:131,RUSKSELE VINDELÄLVSV 30,2481,,64.8144237316321,18.8971329497544
865139,ÅVS Vinliden,,Vinliden 4:1,VINLIDEN,2481,,64.6464611353908,17.8636845955666
865140,ÅVS Vänjaurbäck,,Vänjaurbäck 1:81,VÄNJAURBÄCK,2481,,64.3760912309906,18.5813040077631
865141,ÅVS Västra Örträsk,,Örträsk 1:48,ÖRTRÄSK V,2481,,64.1327735158995,18.9380352914174
865142,ÅVS Bocksliden ,,Bocken 1:1,BOCKSLIDEN vid rastplats,2481,,64.5211882891497,18.8248131900791
865143,ÅVS Norrbyberg,,Norrbyberg 1:48,NORRBYBERG ÅVS  vid fd affären,2481,,64.9201934202025,18.2484428483668
14714,Degermyrans ÅVC,,Morö Backe 1:1,Lidvägen 4,2482,,64.770788,21.032733
15733,Ursviken ÅVC,,Ursviken 2:1,Mekanvägen,2482,,64.71011,21.159272
15979,Solbackens köpcentrum,,Moröbacke 1:1,Solbacksvägen,2482,,64.767119,21.025983
9814,"Morö Backe, Ö. Leden/Höjdgatan",,Moröbacke 1:1,Östra Leden/Höjdgatan,2482,,64.760463,21.00876
9827,"Ursviken, Riobacken",,Ursviken 2:1,Riobacken,2482,,64.705486,21.179817
250501,Moskosel fd Brandstationen,,,Abmorvägen,2505,Städas tisdag,65.88026,19.43977
250502,Auktsjaur fd byastugan,,,Auktsjaur,2505,Städas tisdag,65.745597,19.3981
250503,Lauker fd Lauker handel,,,Lauker,2505,Städas tisdag,65.65252,19.80414
250504,Kommunhuset,,,Domängatan,2505,"Städas måndag, torsdag",65.59459,19.17543
250505,Stortorget,,,Östra Skolgatan,2505,"Städas måndag, torsdag",65.5905,19.16777
250506,Odlingsgatan,,,Odlingsgatan,2505,"Städas måndag, torsdag",65.59762,19.20239
250507,Hedgatan/Gamla landsvägen,,,Hedgatan/Gamla landsvägen,2505,"Städas måndag, torsdag",65.58732,19.19543
250508,Abborrträsk folkets hus,,,Tjockuddsvägen,2505,Städas onsdag,65.44757,19.38417
250509,Glommersträsk isladan,,,Ängsvägen,2505,Städas onsdag,65.26015,19.63831
250510,Arvidsjaurs ÅVC,,,Industrivägen 7,2505,,65.6024,19.14543
250601,ÅVS Lugnetvägen,,,Apoteksgatan 3,2506,,66.049288,17.893414
1905519,ÅVS Bredviken,,Näsbyn 30:1,Bredviken 1 Å,2514,,65.83083,23.20694
1905520,ÅVS Båtskärsnäs,,Båtskärsnäs 1:228,Såghusvägen 1,2514,,65.78444,23.42444
1905521,ÅVS Grytnäs,,Rolfs 1:11,Galgbacksvägen 1,2514,,65.84861,23.12333
1905522,ÅVS Djuptjärn,,Rolfs 8:2,Stenbäcksvägen,2514,,65.87056,23.13611
1905523,ÅVS Vattenvägen,,Tirfing 2,Vattenvägen 13,2514,,65.86083,23.13583
1905524,ÅVS Åkervägen,,Kalix 9:107,Åkervägen,2514,,65.84361,23.18472
1905525,ÅVS Karlsborg,,Karlsborg 10:230,Bruksgatan,2514,,65.8,23.29222
1905526,ÅVS Morjärv,,Morjärv 100:17,Bodenvägen 8,2514,,66.06972,22.70194
1905527,ÅVS Pålänge,,Pålänge 4:92,Storvägen 28,2514,,65.81944,22.88611
1905528,ÅVS Risön,,Näsbyn 30:1,Storavägen,2514,,65.81583,23.24306
1905529,ÅVS Sangis,,Sangis 4:92,Björkforsvägen 3,2514,,65.8575,23.49306
1905530,ÅVS Siknäs,,Siknäs 8:63,Siknäs 282,2514,,65.84333,22.67972
1905531,ÅVS Näsbyn,,Kalix 9:47,Lägergatan,2514,,65.85,23.17806
1905532,Kalix ÅVC,,Näsbyn 28:6,Vitvattenvägen,2514,,65.87139,23.16389
1905533,ÅVS Nyborg,,Ytterbyn 7:63,Ytterbyvägen 1,2514,,65.80083,23.16111
1905534,ÅVS Töre,,Töre 3:95,Torgvägen 7,2514,,65.91194,22.64667
1905535,ÅVS Sjukhus Tor,,Tor 4,Furuhedsvägen,2514,,65.85694,23.1575
1905536,ÅVS Bondersbyn,,Bondersbyn 5:22,Bondersbyn 205,2514,,65.9275,22.89778
1905537,ÅVS Vitvattnet,,Vitvattnet 1:48,Vitvattnet 341,2514,,66.059984,23.195565
1905538,ÅVS Stenbäcken,,Rolfs 8:2,Stenbäcksvägen,2514,,65.86806,23.12861
13330,"Gällivare, Forsvallen",,GÄLLIVARE 11:56,Kopparvägen 1A,2523,,67.12472,20.68417
15774,"Gällivare, Kavaheden",,KAVAHEDEN 1:2,Nya Kullevägen 10,2523,,67.15389,20.73694
17458,Malmberget; Malmsta,,ROBSAM 1:1,Kaptensvägen 41,2523,,67.17167,20.68778
7614,"Dokkas, återvinningscentral",,LEIPOJÄRVI 10:10,Mettä Dokkas 239,2523,,67.06944,21.31583
7616,"Gällivare, Bagarvägen",,GÄLLIVARE 12:74,Bagarvägen 1,2523,,67.15139,20.63306
7617,"Gällivare, Vuoskonjärvi",,GÄLLIVARE 12:74,Mellanvägen 35,2523,,67.15444,20.61333
7618,"Gällivare, Dollarstore",,GÄLLIVARE 57:45,Betongvägen 28,2523,,67.14806,20.65722
7619,"Gällivare, Folketspark",,GÄLLIVARE 76:1,Estradvägen 5,2523,,67.14556,20.67306
7621,"Gällivare, Apelqvistheden",,GÄLLIVARE 76:1,Klövervägen 1,2523,,67.13972,20.69444
7622,"Gällivare, OK-Q8",,GÄLLIVARE 76:1,Luleåvägen 15,2523,,67.13611,20.67917
7623,"Gällivare, Karhakka",,GÄLLIVARE 76:1,Garvaregatan 18,2523,,67.12972,20.66833
7624,"Gällivare, Hjortronet",,GÄLLIVARE 12:76,Oljevägen 11A,2523,,67.14306,20.64028
7626,"Hakkas, Klubblokalen",,HAKKAS 7:7,Kalixvägen 51A,2523,,66.91472,21.56167
7628,"Koskuskulle, övre Kullen",,KOSKULLSKULLE 2:70,Genvägen 15,2523,,67.18278,20.73
7629,"Koskuskulle, nedre Kullen",,KOSKULLSKULLE 1:1,Bangatan 8,2523,,67.18583,20.73722
7634,"Malmberget, Robsam",,ROBSAM 1:3,Rödingvägen 1A,2523,,67.16417,20.64194
7636,"Malmberget, Tippsta",,MALMBERGET 8:1,Vintergatan 6,2523,,67.17222,20.64167
7637,"Malmberget, Stubbvägen",,GÄLLIVARE 12:74,Stubbvägen 2A,2523,,67.16028,20.62056
7638,"Malmberget, Granbacka",,GÄLLIVARE 12:74,Södra Bussgatan 11,2523,,67.15667,20.63722
7639,"Handlarn, Nattavaara",,NATTAVAARA 20:8,Stationsvägen 40,2523,,66.75528,20.94778
7642,"Skaulo, Träffpunkten",,SOUTUJÄRVI 16:19,Bergvägen 11,2523,,67.41417,21.11778
7643,"Ullatti, Macken",,ULLATTI 17:16,Stora vägen 35A,2523,,67.01528,21.81389
9811885,PUMPSTATIONEN,,BENSBYN 36:1,BÄCKVÄGEN 9,2580,,65.640267905228,22.2339203952882
9811886,COOP BERGNÄSET,,BERGNÄSET 1:413,PRODUCENTVÄGEN,2580,,65.5744400083209,22.1052799966448
9811890,TROLLEBERGSVÄGEN 3191,,BERGNÄSET 1:1,TROLLEBERGSVÄGEN,2580,,65.5691700039603,22.1130600018162
9811891,KRABBSTIGEN,,JÄRNVÄGEN 100:1,KRABBSTIGEN,2580,,65.6010450065334,22.1479429931667
9811892,BJÖRKSKATA CENTRUM,,BJÖRKSKATAN 1:3,HÖSTVÄGEN,2580,,65.6131650118364,22.1727030060133
9811893,LULSUNDET,,BJÖRKSKATAN 1:3,KORPRALSGRÄND,2580,,65.6071250092381,22.1852980087438
9811894,HAMMARENVÄGEN,,SUNDERBYN 67:3,NÄSUDDENVÄGEN,2580,,65.6524805930938,21.9500832821321
9811895,KNÖPPELÅSEN HAGAPLAN,,BREDVIKEN 11:1,HAGAPLAN,2580,,65.5867628694575,22.2040409705102
9811896,SPANNMÅLSVÄGEN KVARNBÄCKEN 3199,,HERTSÖN 20:1,SPANNMÅLSVÄGEN,2580,,65.5914320079084,22.2238250045558
9811897,CIRCLE K CENTRUM,,INNERSTADEN 2:1,STATIONSGATAN,2580,,65.5813900126428,22.1438899942752
9811898,MÄSTERLOTSVÄGEN,,MJÖLKUDDEN 3:42,MJÖLKUDDSVÄGEN 6,2580,,65.6020822195664,22.1312264406241
9811899,BROMSARGATAN,,NOTVIKEN 4:40,BROMSARGATAN,2580,,65.613133011594,22.0967720018094
9811900,CIRCLE K PERSÖN,,PERSÖN 41:4,ÖRARNAVÄGEN 5 A,2580,,65.7399019310256,22.1671309043076
9811901,KÄNGSÖVÄGEN KATTHEDSVÄGEN,,RÅNEÅ 84:1,KÄNGSÖVÄGEN,2580,,65.855633006665,22.292427994765
9811902,LULEÅ ENERGI RÅNEÅ,,RÅNEÅ 84:1,ÖVERLOTSVÄGEN,2580,,65.8614950113933,22.2992349951144
9811903,STADSÖTORGET,,STADSÖN 1:857,MARIEBERGSVÄGEN,2580,,65.6422370120431,22.0122419918838
9811904,PUMPSTATION,,STADSÖN 1:679,ÖVÄGEN 45,2580,,65.6428108507037,21.9897195773047
9811905,COOP PARKERING,,STORHEDEN 1:102,BESIKTNINGSVÄGEN,2580,,65.6191420058815,22.0451249987923
9811906,ICA ÖRARNA,,BRÄNDÖN 8:58,BRÄNDÖVÄGEN 4 B,2580,,65.7078053064961,22.2365638873644
9811907,METARGRÄND,,ÖRNÄSET 10:1,METARGRÄND,2580,,65.5750870070061,22.2071699904215
9811908,ARCUS PARKERING,,KARLSVIK 1:1,ARCUSVÄGEN,2580,,65.5961970105092,22.0632520076838
9811909,RÅNEÅ ÅVC,,RÅNEÅ 2:38,SÖRSIDAN 2,2580,,65.8496306680834,22.2767505158569
9811910,GAMLA KONSUM HERTSÖN,,HERTSÖN 11:667,DOMHERREGRÄND,2580,,65.5816920057478,22.2631469945436
9811911,KVANTUM PARKERING,,BILEN 22,DELFINGATAN,2580,,65.5940700086225,22.1507049923691
9811912,MEDBORGARHUSET,,MÅTTSUND 1:11,KLÄPPVÄGEN 41,2580,,65.532437706426,21.9206174513621
9811913,E4 ERSNÄS,,ERSNÄS 49:2,KLUBBVÄGEN,2580,,65.53201077533,21.7886037116069
9811914,ALVIK BYGDEGÅRD,,ALVIK 3:14,ALVIKSVÄGEN,2580,,65.5731220062645,21.7741469924119
9811915,KLÖVERTRÄSK BYAHUS,,KLÖVERTRÄSK 1:15,KLÖVERTRÄSK BYAVÄG,2580,,65.6340380048754,21.4035730076074
9811916,BILVERKSTAD,,BÄLINGE 1:18,BÄLINGEVÄGEN,2580,,65.6307760984269,21.9254118309825
9811917,KALLAX FISKEHAMN,,KALLAX 14:1,FISKEHAMNSVÄGEN,2580,,65.5211100070718,22.0638899931603
9811918,STATOIL GAMMELSTAD,,ÖHEMMANET 1:249,DOMARVÄGEN,2580,,65.6327430065461,22.032665006302
9811919,SUNDOM RENINGSVERK,,SUNDOM 9:8,SUNDOMSVÄGEN 488,2580,,65.7694056944133,22.2651022418613
9811921,NIEMISEL STORA GRUSPLAN,,NIEMISEL 7:94,TRUMSELSVÄGEN 2,2580,,66.0218246831859,21.9869073447023
9811922,ANTNÄS SPORTHALL,,ANTNÄS 1:29,SPORTHALLSVÄGEN,2580,,65.555925006005,21.8314779916688
9811923,SMEDSGÅRDEN,,SMEDSBYN 40:1,SMEDSBYVÄGEN 774,2580,,65.8058868312968,22.0312514124757
9811924,GAMLA SÅGTOMTEN,,VITÅN S:6,VITÅSKATAN,2580,,65.9302238254741,22.4245766953748
9811925,FÖRENINGSHUS ÄNGESBYN,,ÄNGESBYN 30:1,SÖDRA ÄNGESBYN 41,2580,,65.7713528197352,22.0594013187489
9811926,KYRKBYN BRANDSTATION,,GAMMELSTADEN 26:6,LULEVÄGEN 16,2580,,65.6419717516523,22.0338690369159
9811927,AVAN RENINGSVERK 13292,,AVAN 8:14,AVANS BYAVÄG,2580,,65.6871080126717,21.7948849893745
9811928,BRÄNDÖ FISKEHAMN,,BRÄNDÖN 13:1,BRÄNDÖ HAMNVÄG 50,2580,,65.7006663678455,22.3404877981754
9811929,JÄMTÖN ÅVS,,JÄMTÖN S:14,RÖRBÄCKSVÄGEN,2580,,65.8545669507341,22.5003567469237
9811930,RUTVIK SÅGVERKSTOMT,,RUTVIK 14:17,SVENALDSVÄG,2580,,65.6649570114602,22.0907029958692
9811931,PRÄSTHOLM FÖRENINGSHUS,,PRÄSTHOLM 14:11,SÖDRA PRÄSTHOLM,2580,,65.9107438021898,22.1737904293711
9811932,HÖGSÖ BYGDEGÅRD,,HÖGSÖN 2:11,GAMLA HÖGSÖVÄGEN,2580,,65.8989455027025,22.4469106642446
9811933,ICA MAXI PARKERING,,STORHEDEN 1:83,STORHEDSVÄGEN,2580,,65.616068004792,22.0494170066957
9811934,ANTNÄS ÅVC,,MÅTTSUND 12:30,MÅTTSUNDSVÄGEN,2580,,65.547817263236,21.8626664038059
9811935,SUNDERBY ÅVC,,SUNDERBYN 58:8,GAMLA BODENVÄGEN,2580,,65.6661520072004,21.9769099991408
9811936,HINDERSÖN BÅTHAMN,,HERTSÖN 11:1,HINDERSÖSTALLARNA,2580,,65.5459670108036,22.3959229995396
9811937,LULSUNDET TRUPPVÄGEN,,BJÖRKSKATAN 7:25,TRUPPVÄGEN,2580,,65.6008880074496,22.1847729918813
9811938,PORSÖN ASSISTENVÄGEN,,PORSÖN 1:3,ASSISTENTVÄGEN,2580,,65.6243820060813,22.1481969987211
9811939,RISSLAN ÅVC,,RISSLAN 1,BRANDGATAN,2580,,65.6096449120145,22.1280414837323
9811940,SMÅBÅTSHAMNEN,,SVARTÖSTADEN 13:32,FINNSKÄRSGATAN 2,2580,,65.5601052181751,22.1968166672311
750245,Blåsmark,,,Igeltjärnsvägen,2581,,65.26608,21.29717
